[     988ms] [INFO] %cDownload the React DevTools for a better development experience: https://react.dev/link/react-devtools font-weight:bold @ http://localhost:4321/node_modules/.vite/deps/@astrojs_react_client__js.js?v=7552f6ac:20103
[   98029ms] [INFO] %cDownload the React DevTools for a better development experience: https://react.dev/link/react-devtools font-weight:bold @ http://localhost:4321/node_modules/.vite/deps/@astrojs_react_client__js.js?v=7552f6ac:20103
[  124137ms] [INFO] %cDownload the React DevTools for a better development experience: https://react.dev/link/react-devtools font-weight:bold @ http://localhost:4321/node_modules/.vite/deps/@astrojs_react_client__js.js?v=7552f6ac:20103
[  166007ms] [INFO] %cDownload the React DevTools for a better development experience: https://react.dev/link/react-devtools font-weight:bold @ http://localhost:4321/node_modules/.vite/deps/@astrojs_react_client__js.js?v=7552f6ac:20103
[  195891ms] [INFO] %cDownload the React DevTools for a better development experience: https://react.dev/link/react-devtools font-weight:bold @ http://localhost:4321/node_modules/.vite/deps/@astrojs_react_client__js.js?v=7552f6ac:20103
[  210813ms] [INFO] %cDownload the React DevTools for a better development experience: https://react.dev/link/react-devtools font-weight:bold @ http://localhost:4321/node_modules/.vite/deps/@astrojs_react_client__js.js?v=7552f6ac:20103
[ 1847849ms] [LOG] [vite] server connection lost. Polling for restart... @ http://localhost:4321/@vite/client:1695
[ 1847852ms] [ERROR] WebSocket connection to 'ws://localhost:4321/' failed: Error in connection establishment: net::ERR_NETWORK_IO_SUSPENDED @ http://localhost:4321/@vite/client:1766
[ 3746340ms] [INFO] %cDownload the React DevTools for a better development experience: https://react.dev/link/react-devtools font-weight:bold @ http://localhost:4321/node_modules/.vite/deps/@astrojs_react_client__js.js?v=7552f6ac:20103
[ 5719930ms] [INFO] %cDownload the React DevTools for a better development experience: https://react.dev/link/react-devtools font-weight:bold @ http://localhost:4321/node_modules/.vite/deps/@astrojs_react_client__js.js?v=7552f6ac:20103
[ 5741213ms] [INFO] %cDownload the React DevTools for a better development experience: https://react.dev/link/react-devtools font-weight:bold @ http://localhost:4321/node_modules/.vite/deps/@astrojs_react_client__js.js?v=7552f6ac:20103
[ 5752788ms] [INFO] %cDownload the React DevTools for a better development experience: https://react.dev/link/react-devtools font-weight:bold @ http://localhost:4321/node_modules/.vite/deps/@astrojs_react_client__js.js?v=7552f6ac:20103
[ 5771521ms] [INFO] %cDownload the React DevTools for a better development experience: https://react.dev/link/react-devtools font-weight:bold @ http://localhost:4321/node_modules/.vite/deps/@astrojs_react_client__js.js?v=7552f6ac:20103
[ 5810665ms] [INFO] %cDownload the React DevTools for a better development experience: https://react.dev/link/react-devtools font-weight:bold @ http://localhost:4321/node_modules/.vite/deps/@astrojs_react_client__js.js?v=7552f6ac:20103
[ 6496479ms] [LOG] [vite] server connection lost. Polling for restart... @ http://localhost:4321/@vite/client:1695
[ 6498809ms] [ERROR] WebSocket connection to 'ws://localhost:4321/' failed: Error in connection establishment: net::ERR_CONNECTION_REFUSED @ http://localhost:4321/@vite/client:1766
[ 6502139ms] [ERROR] WebSocket connection to 'ws://localhost:4321/' failed: Error in connection establishment: net::ERR_CONNECTION_REFUSED @ http://localhost:4321/@vite/client:1766
[ 6505490ms] [ERROR] WebSocket connection to 'ws://localhost:4321/' failed: Error in connection establishment: net::ERR_CONNECTION_REFUSED @ http://localhost:4321/@vite/client:1766
[ 6508839ms] [ERROR] WebSocket connection to 'ws://localhost:4321/' failed: Error in connection establishment: net::ERR_CONNECTION_REFUSED @ http://localhost:4321/@vite/client:1766
[ 6512190ms] [ERROR] WebSocket connection to 'ws://localhost:4321/' failed: Error in connection establishment: net::ERR_CONNECTION_REFUSED @ http://localhost:4321/@vite/client:1766
[ 6515537ms] [ERROR] WebSocket connection to 'ws://localhost:4321/' failed: Error in connection establishment: net::ERR_CONNECTION_REFUSED @ http://localhost:4321/@vite/client:1766
[ 6518887ms] [ERROR] WebSocket connection to 'ws://localhost:4321/' failed: Error in connection establishment: net::ERR_CONNECTION_REFUSED @ http://localhost:4321/@vite/client:1766
[ 6522235ms] [ERROR] WebSocket connection to 'ws://localhost:4321/' failed: Error in connection establishment: net::ERR_CONNECTION_REFUSED @ http://localhost:4321/@vite/client:1766
[ 6525587ms] [ERROR] WebSocket connection to 'ws://localhost:4321/' failed: Error in connection establishment: net::ERR_CONNECTION_REFUSED @ http://localhost:4321/@vite/client:1766
[ 6528985ms] [ERROR] WebSocket connection to 'ws://localhost:4321/' failed: Error in connection establishment: net::ERR_CONNECTION_REFUSED @ http://localhost:4321/@vite/client:1766
[ 6532383ms] [ERROR] WebSocket connection to 'ws://localhost:4321/' failed: Error in connection establishment: net::ERR_CONNECTION_REFUSED @ http://localhost:4321/@vite/client:1766
[ 6535848ms] [ERROR] WebSocket connection to 'ws://localhost:4321/' failed: Error in connection establishment: net::ERR_CONNECTION_REFUSED @ http://localhost:4321/@vite/client:1766
[ 6539264ms] [ERROR] WebSocket connection to 'ws://localhost:4321/' failed: Error in connection establishment: net::ERR_CONNECTION_REFUSED @ http://localhost:4321/@vite/client:1766
[ 6542965ms] [ERROR] WebSocket connection to 'ws://localhost:4321/' failed: Error in connection establishment: net::ERR_CONNECTION_REFUSED @ http://localhost:4321/@vite/client:1766
[ 6547332ms] [ERROR] WebSocket connection to 'ws://localhost:4321/' failed: Error in connection establishment: net::ERR_CONNECTION_REFUSED @ http://localhost:4321/@vite/client:1766
[ 6552230ms] [ERROR] WebSocket connection to 'ws://localhost:4321/' failed: Error in connection establishment: net::ERR_CONNECTION_REFUSED @ http://localhost:4321/@vite/client:1766
[ 6558344ms] [ERROR] WebSocket connection to 'ws://localhost:4321/' failed: Error in connection establishment: net::ERR_CONNECTION_REFUSED @ http://localhost:4321/@vite/client:1766
[ 6562777ms] [ERROR] WebSocket connection to 'ws://localhost:4321/' failed: Error in connection establishment: net::ERR_CONNECTION_REFUSED @ http://localhost:4321/@vite/client:1766
[ 6569458ms] [ERROR] WebSocket connection to 'ws://localhost:4321/' failed: Error in connection establishment: net::ERR_CONNECTION_REFUSED @ http://localhost:4321/@vite/client:1766
[ 6577007ms] [ERROR] WebSocket connection to 'ws://localhost:4321/' failed: Error in connection establishment: net::ERR_CONNECTION_REFUSED @ http://localhost:4321/@vite/client:1766
[ 6583656ms] [ERROR] WebSocket connection to 'ws://localhost:4321/' failed: Error in connection establishment: net::ERR_CONNECTION_REFUSED @ http://localhost:4321/@vite/client:1766
[ 6590688ms] [ERROR] WebSocket connection to 'ws://localhost:4321/' failed: Error in connection establishment: net::ERR_CONNECTION_REFUSED @ http://localhost:4321/@vite/client:1766
[ 6595584ms] [ERROR] WebSocket connection to 'ws://localhost:4321/' failed: Error in connection establishment: net::ERR_CONNECTION_REFUSED @ http://localhost:4321/@vite/client:1766
[ 6602252ms] [ERROR] WebSocket connection to 'ws://localhost:4321/' failed: Error in connection establishment: net::ERR_CONNECTION_REFUSED @ http://localhost:4321/@vite/client:1766
[ 6609048ms] [ERROR] WebSocket connection to 'ws://localhost:4321/' failed: Error in connection establishment: net::ERR_CONNECTION_REFUSED @ http://localhost:4321/@vite/client:1766
[ 6616414ms] [ERROR] WebSocket connection to 'ws://localhost:4321/' failed: Error in connection establishment: net::ERR_CONNECTION_REFUSED @ http://localhost:4321/@vite/client:1766
[ 6619764ms] [ERROR] WebSocket connection to 'ws://localhost:4321/' failed: Error in connection establishment: net::ERR_CONNECTION_REFUSED @ http://localhost:4321/@vite/client:1766
[ 6623080ms] [ERROR] WebSocket connection to 'ws://localhost:4321/' failed: Error in connection establishment: net::ERR_CONNECTION_REFUSED @ http://localhost:4321/@vite/client:1766
[ 6626429ms] [ERROR] WebSocket connection to 'ws://localhost:4321/' failed: Error in connection establishment: net::ERR_CONNECTION_REFUSED @ http://localhost:4321/@vite/client:1766
[ 6629761ms] [ERROR] WebSocket connection to 'ws://localhost:4321/' failed: Error in connection establishment: net::ERR_CONNECTION_REFUSED @ http://localhost:4321/@vite/client:1766
[ 6633110ms] [ERROR] WebSocket connection to 'ws://localhost:4321/' failed: Error in connection establishment: net::ERR_CONNECTION_REFUSED @ http://localhost:4321/@vite/client:1766
[ 6636476ms] [ERROR] WebSocket connection to 'ws://localhost:4321/' failed: Error in connection establishment: net::ERR_CONNECTION_REFUSED @ http://localhost:4321/@vite/client:1766
[ 6639856ms] [ERROR] WebSocket connection to 'ws://localhost:4321/' failed: Error in connection establishment: net::ERR_CONNECTION_REFUSED @ http://localhost:4321/@vite/client:1766
[ 6643208ms] [ERROR] WebSocket connection to 'ws://localhost:4321/' failed: Error in connection establishment: net::ERR_CONNECTION_REFUSED @ http://localhost:4321/@vite/client:1766
[ 6646557ms] [ERROR] WebSocket connection to 'ws://localhost:4321/' failed: Error in connection establishment: net::ERR_CONNECTION_REFUSED @ http://localhost:4321/@vite/client:1766
[ 6649973ms] [ERROR] WebSocket connection to 'ws://localhost:4321/' failed: Error in connection establishment: net::ERR_CONNECTION_REFUSED @ http://localhost:4321/@vite/client:1766
[ 6653356ms] [ERROR] WebSocket connection to 'ws://localhost:4321/' failed: Error in connection establishment: net::ERR_CONNECTION_REFUSED @ http://localhost:4321/@vite/client:1766
[ 6656805ms] [ERROR] WebSocket connection to 'ws://localhost:4321/' failed: Error in connection establishment: net::ERR_CONNECTION_REFUSED @ http://localhost:4321/@vite/client:1766
[ 6660235ms] [ERROR] WebSocket connection to 'ws://localhost:4321/' failed: Error in connection establishment: net::ERR_CONNECTION_REFUSED @ http://localhost:4321/@vite/client:1766
[ 6663903ms] [ERROR] WebSocket connection to 'ws://localhost:4321/' failed: Error in connection establishment: net::ERR_CONNECTION_REFUSED @ http://localhost:4321/@vite/client:1766
[ 6668085ms] [ERROR] WebSocket connection to 'ws://localhost:4321/' failed: Error in connection establishment: net::ERR_CONNECTION_REFUSED @ http://localhost:4321/@vite/client:1766
[ 6673417ms] [ERROR] WebSocket connection to 'ws://localhost:4321/' failed: Error in connection establishment: net::ERR_CONNECTION_REFUSED @ http://localhost:4321/@vite/client:1766
[ 6681329ms] [ERROR] WebSocket connection to 'ws://localhost:4321/' failed: Error in connection establishment: net::ERR_CONNECTION_REFUSED @ http://localhost:4321/@vite/client:1766
[ 6689514ms] [ERROR] WebSocket connection to 'ws://localhost:4321/' failed: Error in connection establishment: net::ERR_CONNECTION_REFUSED @ http://localhost:4321/@vite/client:1766
[ 6696073ms] [ERROR] WebSocket connection to 'ws://localhost:4321/' failed: Error in connection establishment: net::ERR_CONNECTION_REFUSED @ http://localhost:4321/@vite/client:1766
[ 6700694ms] [ERROR] WebSocket connection to 'ws://localhost:4321/' failed: Error in connection establishment: net::ERR_CONNECTION_REFUSED @ http://localhost:4321/@vite/client:1766
[ 6708208ms] [ERROR] WebSocket connection to 'ws://localhost:4321/' failed: Error in connection establishment: net::ERR_CONNECTION_REFUSED @ http://localhost:4321/@vite/client:1766
[ 6713741ms] [ERROR] WebSocket connection to 'ws://localhost:4321/' failed: Error in connection establishment: net::ERR_CONNECTION_REFUSED @ http://localhost:4321/@vite/client:1766
[ 6720683ms] [ERROR] WebSocket connection to 'ws://localhost:4321/' failed: Error in connection establishment: net::ERR_CONNECTION_REFUSED @ http://localhost:4321/@vite/client:1766
[ 6727070ms] [ERROR] WebSocket connection to 'ws://localhost:4321/' failed: Error in connection establishment: net::ERR_CONNECTION_REFUSED @ http://localhost:4321/@vite/client:1766
[ 6734902ms] [ERROR] WebSocket connection to 'ws://localhost:4321/' failed: Error in connection establishment: net::ERR_CONNECTION_REFUSED @ http://localhost:4321/@vite/client:1766
[ 6739924ms] [ERROR] WebSocket connection to 'ws://localhost:4321/' failed: Error in connection establishment: net::ERR_CONNECTION_REFUSED @ http://localhost:4321/@vite/client:1766
[ 6747740ms] [ERROR] WebSocket connection to 'ws://localhost:4321/' failed: Error in connection establishment: net::ERR_CONNECTION_REFUSED @ http://localhost:4321/@vite/client:1766
[ 6755047ms] [ERROR] WebSocket connection to 'ws://localhost:4321/' failed: Error in connection establishment: net::ERR_CONNECTION_REFUSED @ http://localhost:4321/@vite/client:1766
[ 6761238ms] [ERROR] WebSocket connection to 'ws://localhost:4321/' failed: Error in connection establishment: net::ERR_CONNECTION_REFUSED @ http://localhost:4321/@vite/client:1766
[ 6767109ms] [ERROR] WebSocket connection to 'ws://localhost:4321/' failed: Error in connection establishment: net::ERR_CONNECTION_REFUSED @ http://localhost:4321/@vite/client:1766
[ 6772258ms] [ERROR] WebSocket connection to 'ws://localhost:4321/' failed: Error in connection establishment: net::ERR_CONNECTION_REFUSED @ http://localhost:4321/@vite/client:1766
[ 6778742ms] [ERROR] WebSocket connection to 'ws://localhost:4321/' failed: Error in connection establishment: net::ERR_CONNECTION_REFUSED @ http://localhost:4321/@vite/client:1766
[ 6785940ms] [ERROR] WebSocket connection to 'ws://localhost:4321/' failed: Error in connection establishment: net::ERR_CONNECTION_REFUSED @ http://localhost:4321/@vite/client:1766
[ 6793621ms] [ERROR] WebSocket connection to 'ws://localhost:4321/' failed: Error in connection establishment: net::ERR_CONNECTION_REFUSED @ http://localhost:4321/@vite/client:1766
[ 6799353ms] [ERROR] WebSocket connection to 'ws://localhost:4321/' failed: Error in connection establishment: net::ERR_CONNECTION_REFUSED @ http://localhost:4321/@vite/client:1766
[ 6804069ms] [ERROR] WebSocket connection to 'ws://localhost:4321/' failed: Error in connection establishment: net::ERR_CONNECTION_REFUSED @ http://localhost:4321/@vite/client:1766
[ 6810033ms] [ERROR] WebSocket connection to 'ws://localhost:4321/' failed: Error in connection establishment: net::ERR_CONNECTION_REFUSED @ http://localhost:4321/@vite/client:1766
[ 6816982ms] [ERROR] WebSocket connection to 'ws://localhost:4321/' failed: Error in connection establishment: net::ERR_CONNECTION_REFUSED @ http://localhost:4321/@vite/client:1766
[ 6824531ms] [ERROR] WebSocket connection to 'ws://localhost:4321/' failed: Error in connection establishment: net::ERR_CONNECTION_REFUSED @ http://localhost:4321/@vite/client:1766
[ 6830311ms] [ERROR] WebSocket connection to 'ws://localhost:4321/' failed: Error in connection establishment: net::ERR_CONNECTION_REFUSED @ http://localhost:4321/@vite/client:1766
[ 6834809ms] [ERROR] WebSocket connection to 'ws://localhost:4321/' failed: Error in connection establishment: net::ERR_CONNECTION_REFUSED @ http://localhost:4321/@vite/client:1766
[ 6841510ms] [ERROR] WebSocket connection to 'ws://localhost:4321/' failed: Error in connection establishment: net::ERR_CONNECTION_REFUSED @ http://localhost:4321/@vite/client:1766
[ 6848074ms] [ERROR] WebSocket connection to 'ws://localhost:4321/' failed: Error in connection establishment: net::ERR_CONNECTION_REFUSED @ http://localhost:4321/@vite/client:1766
[ 6852940ms] [ERROR] WebSocket connection to 'ws://localhost:4321/' failed: Error in connection establishment: net::ERR_CONNECTION_REFUSED @ http://localhost:4321/@vite/client:1766
[ 6859139ms] [ERROR] WebSocket connection to 'ws://localhost:4321/' failed: Error in connection establishment: net::ERR_CONNECTION_REFUSED @ http://localhost:4321/@vite/client:1766
[ 6863638ms] [ERROR] WebSocket connection to 'ws://localhost:4321/' failed: Error in connection establishment: net::ERR_CONNECTION_REFUSED @ http://localhost:4321/@vite/client:1766
[ 6871469ms] [ERROR] WebSocket connection to 'ws://localhost:4321/' failed: Error in connection establishment: net::ERR_CONNECTION_REFUSED @ http://localhost:4321/@vite/client:1766
[ 6879800ms] [ERROR] WebSocket connection to 'ws://localhost:4321/' failed: Error in connection establishment: net::ERR_CONNECTION_REFUSED @ http://localhost:4321/@vite/client:1766
[ 6886432ms] [ERROR] WebSocket connection to 'ws://localhost:4321/' failed: Error in connection establishment: net::ERR_CONNECTION_REFUSED @ http://localhost:4321/@vite/client:1766
[ 6893097ms] [ERROR] WebSocket connection to 'ws://localhost:4321/' failed: Error in connection establishment: net::ERR_CONNECTION_REFUSED @ http://localhost:4321/@vite/client:1766
[ 6897780ms] [ERROR] WebSocket connection to 'ws://localhost:4321/' failed: Error in connection establishment: net::ERR_CONNECTION_REFUSED @ http://localhost:4321/@vite/client:1766
[ 6902294ms] [ERROR] WebSocket connection to 'ws://localhost:4321/' failed: Error in connection establishment: net::ERR_CONNECTION_REFUSED @ http://localhost:4321/@vite/client:1766
[ 6910526ms] [ERROR] WebSocket connection to 'ws://localhost:4321/' failed: Error in connection establishment: net::ERR_CONNECTION_REFUSED @ http://localhost:4321/@vite/client:1766
[ 6917641ms] [ERROR] WebSocket connection to 'ws://localhost:4321/' failed: Error in connection establishment: net::ERR_CONNECTION_REFUSED @ http://localhost:4321/@vite/client:1766
[ 6925139ms] [ERROR] WebSocket connection to 'ws://localhost:4321/' failed: Error in connection establishment: net::ERR_CONNECTION_REFUSED @ http://localhost:4321/@vite/client:1766
[ 6933150ms] [ERROR] WebSocket connection to 'ws://localhost:4321/' failed: Error in connection establishment: net::ERR_CONNECTION_REFUSED @ http://localhost:4321/@vite/client:1766
[ 6937653ms] [ERROR] WebSocket connection to 'ws://localhost:4321/' failed: Error in connection establishment: net::ERR_CONNECTION_REFUSED @ http://localhost:4321/@vite/client:1766
[ 6945250ms] [ERROR] WebSocket connection to 'ws://localhost:4321/' failed: Error in connection establishment: net::ERR_CONNECTION_REFUSED @ http://localhost:4321/@vite/client:1766
[ 6952766ms] [ERROR] WebSocket connection to 'ws://localhost:4321/' failed: Error in connection establishment: net::ERR_CONNECTION_REFUSED @ http://localhost:4321/@vite/client:1766
[ 6958548ms] [ERROR] WebSocket connection to 'ws://localhost:4321/' failed: Error in connection establishment: net::ERR_CONNECTION_REFUSED @ http://localhost:4321/@vite/client:1766
[ 6966696ms] [ERROR] WebSocket connection to 'ws://localhost:4321/' failed: Error in connection establishment: net::ERR_CONNECTION_REFUSED @ http://localhost:4321/@vite/client:1766
[ 6972378ms] [ERROR] WebSocket connection to 'ws://localhost:4321/' failed: Error in connection establishment: net::ERR_CONNECTION_REFUSED @ http://localhost:4321/@vite/client:1766
[ 6979826ms] [ERROR] WebSocket connection to 'ws://localhost:4321/' failed: Error in connection establishment: net::ERR_CONNECTION_REFUSED @ http://localhost:4321/@vite/client:1766
[ 6988024ms] [ERROR] WebSocket connection to 'ws://localhost:4321/' failed: Error in connection establishment: net::ERR_CONNECTION_REFUSED @ http://localhost:4321/@vite/client:1766
[ 6994338ms] [ERROR] WebSocket connection to 'ws://localhost:4321/' failed: Error in connection establishment: net::ERR_CONNECTION_REFUSED @ http://localhost:4321/@vite/client:1766
[ 7002220ms] [ERROR] WebSocket connection to 'ws://localhost:4321/' failed: Error in connection establishment: net::ERR_CONNECTION_REFUSED @ http://localhost:4321/@vite/client:1766
[ 7008136ms] [ERROR] WebSocket connection to 'ws://localhost:4321/' failed: Error in connection establishment: net::ERR_CONNECTION_REFUSED @ http://localhost:4321/@vite/client:1766
[ 7015832ms] [ERROR] WebSocket connection to 'ws://localhost:4321/' failed: Error in connection establishment: net::ERR_CONNECTION_REFUSED @ http://localhost:4321/@vite/client:1766
[ 7022832ms] [ERROR] WebSocket connection to 'ws://localhost:4321/' failed: Error in connection establishment: net::ERR_CONNECTION_REFUSED @ http://localhost:4321/@vite/client:1766
[ 7029730ms] [ERROR] WebSocket connection to 'ws://localhost:4321/' failed: Error in connection establishment: net::ERR_CONNECTION_REFUSED @ http://localhost:4321/@vite/client:1766
[ 7034843ms] [ERROR] WebSocket connection to 'ws://localhost:4321/' failed: Error in connection establishment: net::ERR_CONNECTION_REFUSED @ http://localhost:4321/@vite/client:1766
[ 7040209ms] [ERROR] WebSocket connection to 'ws://localhost:4321/' failed: Error in connection establishment: net::ERR_CONNECTION_REFUSED @ http://localhost:4321/@vite/client:1766
[ 7048291ms] [ERROR] WebSocket connection to 'ws://localhost:4321/' failed: Error in connection establishment: net::ERR_CONNECTION_REFUSED @ http://localhost:4321/@vite/client:1766
[ 7053756ms] [ERROR] WebSocket connection to 'ws://localhost:4321/' failed: Error in connection establishment: net::ERR_CONNECTION_REFUSED @ http://localhost:4321/@vite/client:1766
[ 7061006ms] [ERROR] WebSocket connection to 'ws://localhost:4321/' failed: Error in connection establishment: net::ERR_CONNECTION_REFUSED @ http://localhost:4321/@vite/client:1766
[ 7066056ms] [ERROR] WebSocket connection to 'ws://localhost:4321/' failed: Error in connection establishment: net::ERR_CONNECTION_REFUSED @ http://localhost:4321/@vite/client:1766
[ 7073367ms] [ERROR] WebSocket connection to 'ws://localhost:4321/' failed: Error in connection establishment: net::ERR_CONNECTION_REFUSED @ http://localhost:4321/@vite/client:1766
[ 7081165ms] [ERROR] WebSocket connection to 'ws://localhost:4321/' failed: Error in connection establishment: net::ERR_CONNECTION_REFUSED @ http://localhost:4321/@vite/client:1766
[ 7088315ms] [ERROR] WebSocket connection to 'ws://localhost:4321/' failed: Error in connection establishment: net::ERR_CONNECTION_REFUSED @ http://localhost:4321/@vite/client:1766
[ 7094545ms] [ERROR] WebSocket connection to 'ws://localhost:4321/' failed: Error in connection establishment: net::ERR_CONNECTION_REFUSED @ http://localhost:4321/@vite/client:1766
[ 7102896ms] [ERROR] WebSocket connection to 'ws://localhost:4321/' failed: Error in connection establishment: net::ERR_CONNECTION_REFUSED @ http://localhost:4321/@vite/client:1766
[ 7109126ms] [ERROR] WebSocket connection to 'ws://localhost:4321/' failed: Error in connection establishment: net::ERR_CONNECTION_REFUSED @ http://localhost:4321/@vite/client:1766
[ 7117008ms] [ERROR] WebSocket connection to 'ws://localhost:4321/' failed: Error in connection establishment: net::ERR_CONNECTION_REFUSED @ http://localhost:4321/@vite/client:1766
[ 7124490ms] [ERROR] WebSocket connection to 'ws://localhost:4321/' failed: Error in connection establishment: net::ERR_CONNECTION_REFUSED @ http://localhost:4321/@vite/client:1766
[ 7131723ms] [ERROR] WebSocket connection to 'ws://localhost:4321/' failed: Error in connection establishment: net::ERR_CONNECTION_REFUSED @ http://localhost:4321/@vite/client:1766
[ 7136119ms] [ERROR] WebSocket connection to 'ws://localhost:4321/' failed: Error in connection establishment: net::ERR_CONNECTION_REFUSED @ http://localhost:4321/@vite/client:1766
[ 7141003ms] [ERROR] WebSocket connection to 'ws://localhost:4321/' failed: Error in connection establishment: net::ERR_CONNECTION_REFUSED @ http://localhost:4321/@vite/client:1766
[ 7147869ms] [ERROR] WebSocket connection to 'ws://localhost:4321/' failed: Error in connection establishment: net::ERR_CONNECTION_REFUSED @ http://localhost:4321/@vite/client:1766
[ 7152284ms] [ERROR] WebSocket connection to 'ws://localhost:4321/' failed: Error in connection establishment: net::ERR_CONNECTION_REFUSED @ http://localhost:4321/@vite/client:1766
[ 7156915ms] [ERROR] WebSocket connection to 'ws://localhost:4321/' failed: Error in connection establishment: net::ERR_CONNECTION_REFUSED @ http://localhost:4321/@vite/client:1766
[ 7161830ms] [ERROR] WebSocket connection to 'ws://localhost:4321/' failed: Error in connection establishment: net::ERR_CONNECTION_REFUSED @ http://localhost:4321/@vite/client:1766
[ 7169713ms] [ERROR] WebSocket connection to 'ws://localhost:4321/' failed: Error in connection establishment: net::ERR_CONNECTION_REFUSED @ http://localhost:4321/@vite/client:1766
[ 7175811ms] [ERROR] WebSocket connection to 'ws://localhost:4321/' failed: Error in connection establishment: net::ERR_CONNECTION_REFUSED @ http://localhost:4321/@vite/client:1766
[ 7183193ms] [ERROR] WebSocket connection to 'ws://localhost:4321/' failed: Error in connection establishment: net::ERR_CONNECTION_REFUSED @ http://localhost:4321/@vite/client:1766
[ 7188890ms] [ERROR] WebSocket connection to 'ws://localhost:4321/' failed: Error in connection establishment: net::ERR_CONNECTION_REFUSED @ http://localhost:4321/@vite/client:1766
[ 7196007ms] [ERROR] WebSocket connection to 'ws://localhost:4321/' failed: Error in connection establishment: net::ERR_CONNECTION_REFUSED @ http://localhost:4321/@vite/client:1766
[ 7202820ms] [ERROR] WebSocket connection to 'ws://localhost:4321/' failed: Error in connection establishment: net::ERR_CONNECTION_REFUSED @ http://localhost:4321/@vite/client:1766
[ 7207854ms] [ERROR] WebSocket connection to 'ws://localhost:4321/' failed: Error in connection establishment: net::ERR_CONNECTION_REFUSED @ http://localhost:4321/@vite/client:1766
[ 7213370ms] [ERROR] WebSocket connection to 'ws://localhost:4321/' failed: Error in connection establishment: net::ERR_CONNECTION_REFUSED @ http://localhost:4321/@vite/client:1766
[ 7220401ms] [ERROR] WebSocket connection to 'ws://localhost:4321/' failed: Error in connection establishment: net::ERR_CONNECTION_REFUSED @ http://localhost:4321/@vite/client:1766
[ 7225032ms] [ERROR] WebSocket connection to 'ws://localhost:4321/' failed: Error in connection establishment: net::ERR_CONNECTION_REFUSED @ http://localhost:4321/@vite/client:1766
[ 7229747ms] [ERROR] WebSocket connection to 'ws://localhost:4321/' failed: Error in connection establishment: net::ERR_CONNECTION_REFUSED @ http://localhost:4321/@vite/client:1766
[ 7234631ms] [ERROR] WebSocket connection to 'ws://localhost:4321/' failed: Error in connection establishment: net::ERR_CONNECTION_REFUSED @ http://localhost:4321/@vite/client:1766
[ 7239180ms] [ERROR] WebSocket connection to 'ws://localhost:4321/' failed: Error in connection establishment: net::ERR_CONNECTION_REFUSED @ http://localhost:4321/@vite/client:1766
[ 7245545ms] [ERROR] WebSocket connection to 'ws://localhost:4321/' failed: Error in connection establishment: net::ERR_CONNECTION_REFUSED @ http://localhost:4321/@vite/client:1766
[ 7250293ms] [ERROR] WebSocket connection to 'ws://localhost:4321/' failed: Error in connection establishment: net::ERR_CONNECTION_REFUSED @ http://localhost:4321/@vite/client:1766
[ 7257425ms] [ERROR] WebSocket connection to 'ws://localhost:4321/' failed: Error in connection establishment: net::ERR_CONNECTION_REFUSED @ http://localhost:4321/@vite/client:1766
[ 7262689ms] [ERROR] WebSocket connection to 'ws://localhost:4321/' failed: Error in connection establishment: net::ERR_CONNECTION_REFUSED @ http://localhost:4321/@vite/client:1766
[ 7270736ms] [ERROR] WebSocket connection to 'ws://localhost:4321/' failed: Error in connection establishment: net::ERR_CONNECTION_REFUSED @ http://localhost:4321/@vite/client:1766
[ 7275652ms] [ERROR] WebSocket connection to 'ws://localhost:4321/' failed: Error in connection establishment: net::ERR_CONNECTION_REFUSED @ http://localhost:4321/@vite/client:1766
[ 7283598ms] [ERROR] WebSocket connection to 'ws://localhost:4321/' failed: Error in connection establishment: net::ERR_CONNECTION_REFUSED @ http://localhost:4321/@vite/client:1766
[ 7288632ms] [ERROR] WebSocket connection to 'ws://localhost:4321/' failed: Error in connection establishment: net::ERR_CONNECTION_REFUSED @ http://localhost:4321/@vite/client:1766
[ 7296715ms] [ERROR] WebSocket connection to 'ws://localhost:4321/' failed: Error in connection establishment: net::ERR_CONNECTION_REFUSED @ http://localhost:4321/@vite/client:1766
[ 7302327ms] [ERROR] WebSocket connection to 'ws://localhost:4321/' failed: Error in connection establishment: net::ERR_CONNECTION_REFUSED @ http://localhost:4321/@vite/client:1766
[ 7309922ms] [ERROR] WebSocket connection to 'ws://localhost:4321/' failed: Error in connection establishment: net::ERR_CONNECTION_REFUSED @ http://localhost:4321/@vite/client:1766
[ 7317660ms] [ERROR] WebSocket connection to 'ws://localhost:4321/' failed: Error in connection establishment: net::ERR_CONNECTION_REFUSED @ http://localhost:4321/@vite/client:1766
[ 7324475ms] [ERROR] WebSocket connection to 'ws://localhost:4321/' failed: Error in connection establishment: net::ERR_CONNECTION_REFUSED @ http://localhost:4321/@vite/client:1766
[ 7330557ms] [ERROR] WebSocket connection to 'ws://localhost:4321/' failed: Error in connection establishment: net::ERR_CONNECTION_REFUSED @ http://localhost:4321/@vite/client:1766
[ 7338538ms] [ERROR] WebSocket connection to 'ws://localhost:4321/' failed: Error in connection establishment: net::ERR_CONNECTION_REFUSED @ http://localhost:4321/@vite/client:1766
[ 7345570ms] [ERROR] WebSocket connection to 'ws://localhost:4321/' failed: Error in connection establishment: net::ERR_CONNECTION_REFUSED @ http://localhost:4321/@vite/client:1766
[ 7350836ms] [ERROR] WebSocket connection to 'ws://localhost:4321/' failed: Error in connection establishment: net::ERR_CONNECTION_REFUSED @ http://localhost:4321/@vite/client:1766
[ 7356465ms] [ERROR] WebSocket connection to 'ws://localhost:4321/' failed: Error in connection establishment: net::ERR_CONNECTION_REFUSED @ http://localhost:4321/@vite/client:1766
[ 7363597ms] [ERROR] WebSocket connection to 'ws://localhost:4321/' failed: Error in connection establishment: net::ERR_CONNECTION_REFUSED @ http://localhost:4321/@vite/client:1766
[ 7369163ms] [ERROR] WebSocket connection to 'ws://localhost:4321/' failed: Error in connection establishment: net::ERR_CONNECTION_REFUSED @ http://localhost:4321/@vite/client:1766
[ 7375239ms] [ERROR] WebSocket connection to 'ws://localhost:4321/' failed: Error in connection establishment: net::ERR_CONNECTION_REFUSED @ http://localhost:4321/@vite/client:1766
[ 7383561ms] [ERROR] WebSocket connection to 'ws://localhost:4321/' failed: Error in connection establishment: net::ERR_CONNECTION_REFUSED @ http://localhost:4321/@vite/client:1766
[ 7390931ms] [ERROR] WebSocket connection to 'ws://localhost:4321/' failed: Error in connection establishment: net::ERR_CONNECTION_REFUSED @ http://localhost:4321/@vite/client:1766
[ 7396574ms] [ERROR] WebSocket connection to 'ws://localhost:4321/' failed: Error in connection establishment: net::ERR_CONNECTION_REFUSED @ http://localhost:4321/@vite/client:1766
[ 7404123ms] [ERROR] WebSocket connection to 'ws://localhost:4321/' failed: Error in connection establishment: net::ERR_CONNECTION_REFUSED @ http://localhost:4321/@vite/client:1766
[ 7412053ms] [ERROR] WebSocket connection to 'ws://localhost:4321/' failed: Error in connection establishment: net::ERR_CONNECTION_REFUSED @ http://localhost:4321/@vite/client:1766
[ 7418466ms] [ERROR] WebSocket connection to 'ws://localhost:4321/' failed: Error in connection establishment: net::ERR_CONNECTION_REFUSED @ http://localhost:4321/@vite/client:1766
[ 7424017ms] [ERROR] WebSocket connection to 'ws://localhost:4321/' failed: Error in connection establishment: net::ERR_CONNECTION_REFUSED @ http://localhost:4321/@vite/client:1766
[ 7428833ms] [ERROR] WebSocket connection to 'ws://localhost:4321/' failed: Error in connection establishment: net::ERR_CONNECTION_REFUSED @ http://localhost:4321/@vite/client:1766
[ 7433365ms] [ERROR] WebSocket connection to 'ws://localhost:4321/' failed: Error in connection establishment: net::ERR_CONNECTION_REFUSED @ http://localhost:4321/@vite/client:1766
[ 7439145ms] [ERROR] WebSocket connection to 'ws://localhost:4321/' failed: Error in connection establishment: net::ERR_CONNECTION_REFUSED @ http://localhost:4321/@vite/client:1766
[ 7444313ms] [ERROR] WebSocket connection to 'ws://localhost:4321/' failed: Error in connection establishment: net::ERR_CONNECTION_REFUSED @ http://localhost:4321/@vite/client:1766
[ 7452011ms] [ERROR] WebSocket connection to 'ws://localhost:4321/' failed: Error in connection establishment: net::ERR_CONNECTION_REFUSED @ http://localhost:4321/@vite/client:1766
[ 7456643ms] [ERROR] WebSocket connection to 'ws://localhost:4321/' failed: Error in connection establishment: net::ERR_CONNECTION_REFUSED @ http://localhost:4321/@vite/client:1766
[ 7459975ms] [ERROR] WebSocket connection to 'ws://localhost:4321/' failed: Error in connection establishment: net::ERR_CONNECTION_REFUSED @ http://localhost:4321/@vite/client:1766
[ 7463321ms] [ERROR] WebSocket connection to 'ws://localhost:4321/' failed: Error in connection establishment: net::ERR_CONNECTION_REFUSED @ http://localhost:4321/@vite/client:1766
[ 7466655ms] [ERROR] WebSocket connection to 'ws://localhost:4321/' failed: Error in connection establishment: net::ERR_CONNECTION_REFUSED @ http://localhost:4321/@vite/client:1766
[ 7469990ms] [ERROR] WebSocket connection to 'ws://localhost:4321/' failed: Error in connection establishment: net::ERR_CONNECTION_REFUSED @ http://localhost:4321/@vite/client:1766
[ 7473339ms] [ERROR] WebSocket connection to 'ws://localhost:4321/' failed: Error in connection establishment: net::ERR_CONNECTION_REFUSED @ http://localhost:4321/@vite/client:1766
[ 7476688ms] [ERROR] WebSocket connection to 'ws://localhost:4321/' failed: Error in connection establishment: net::ERR_CONNECTION_REFUSED @ http://localhost:4321/@vite/client:1766
[ 7480054ms] [ERROR] WebSocket connection to 'ws://localhost:4321/' failed: Error in connection establishment: net::ERR_CONNECTION_REFUSED @ http://localhost:4321/@vite/client:1766
[ 7483403ms] [ERROR] WebSocket connection to 'ws://localhost:4321/' failed: Error in connection establishment: net::ERR_CONNECTION_REFUSED @ http://localhost:4321/@vite/client:1766
[ 7486769ms] [ERROR] WebSocket connection to 'ws://localhost:4321/' failed: Error in connection establishment: net::ERR_CONNECTION_REFUSED @ http://localhost:4321/@vite/client:1766
[ 7490135ms] [ERROR] WebSocket connection to 'ws://localhost:4321/' failed: Error in connection establishment: net::ERR_CONNECTION_REFUSED @ http://localhost:4321/@vite/client:1766
[ 7493531ms] [ERROR] WebSocket connection to 'ws://localhost:4321/' failed: Error in connection establishment: net::ERR_CONNECTION_REFUSED @ http://localhost:4321/@vite/client:1766
[ 7497000ms] [ERROR] WebSocket connection to 'ws://localhost:4321/' failed: Error in connection establishment: net::ERR_CONNECTION_REFUSED @ http://localhost:4321/@vite/client:1766
[ 7500497ms] [ERROR] WebSocket connection to 'ws://localhost:4321/' failed: Error in connection establishment: net::ERR_CONNECTION_REFUSED @ http://localhost:4321/@vite/client:1766
[ 7504432ms] [ERROR] WebSocket connection to 'ws://localhost:4321/' failed: Error in connection establishment: net::ERR_CONNECTION_REFUSED @ http://localhost:4321/@vite/client:1766
[ 7508247ms] [ERROR] WebSocket connection to 'ws://localhost:4321/' failed: Error in connection establishment: net::ERR_CONNECTION_REFUSED @ http://localhost:4321/@vite/client:1766
[ 7513411ms] [ERROR] WebSocket connection to 'ws://localhost:4321/' failed: Error in connection establishment: net::ERR_CONNECTION_REFUSED @ http://localhost:4321/@vite/client:1766
[ 7518377ms] [ERROR] WebSocket connection to 'ws://localhost:4321/' failed: Error in connection establishment: net::ERR_CONNECTION_REFUSED @ http://localhost:4321/@vite/client:1766
[ 7524326ms] [ERROR] WebSocket connection to 'ws://localhost:4321/' failed: Error in connection establishment: net::ERR_CONNECTION_REFUSED @ http://localhost:4321/@vite/client:1766
[ 7528808ms] [ERROR] WebSocket connection to 'ws://localhost:4321/' failed: Error in connection establishment: net::ERR_CONNECTION_REFUSED @ http://localhost:4321/@vite/client:1766
[ 7536241ms] [ERROR] WebSocket connection to 'ws://localhost:4321/' failed: Error in connection establishment: net::ERR_CONNECTION_REFUSED @ http://localhost:4321/@vite/client:1766
[ 7544305ms] [ERROR] WebSocket connection to 'ws://localhost:4321/' failed: Error in connection establishment: net::ERR_CONNECTION_REFUSED @ http://localhost:4321/@vite/client:1766
[ 7548921ms] [ERROR] WebSocket connection to 'ws://localhost:4321/' failed: Error in connection establishment: net::ERR_CONNECTION_REFUSED @ http://localhost:4321/@vite/client:1766
[ 7554486ms] [ERROR] WebSocket connection to 'ws://localhost:4321/' failed: Error in connection establishment: net::ERR_CONNECTION_REFUSED @ http://localhost:4321/@vite/client:1766
[ 7560531ms] [ERROR] WebSocket connection to 'ws://localhost:4321/' failed: Error in connection establishment: net::ERR_CONNECTION_REFUSED @ http://localhost:4321/@vite/client:1766
[ 7568699ms] [ERROR] WebSocket connection to 'ws://localhost:4321/' failed: Error in connection establishment: net::ERR_CONNECTION_REFUSED @ http://localhost:4321/@vite/client:1766
[ 7573598ms] [ERROR] WebSocket connection to 'ws://localhost:4321/' failed: Error in connection establishment: net::ERR_CONNECTION_REFUSED @ http://localhost:4321/@vite/client:1766
[ 7580713ms] [ERROR] WebSocket connection to 'ws://localhost:4321/' failed: Error in connection establishment: net::ERR_CONNECTION_REFUSED @ http://localhost:4321/@vite/client:1766
[ 7586329ms] [ERROR] WebSocket connection to 'ws://localhost:4321/' failed: Error in connection establishment: net::ERR_CONNECTION_REFUSED @ http://localhost:4321/@vite/client:1766
[ 7593906ms] [ERROR] WebSocket connection to 'ws://localhost:4321/' failed: Error in connection establishment: net::ERR_CONNECTION_REFUSED @ http://localhost:4321/@vite/client:1766
[ 7601541ms] [ERROR] WebSocket connection to 'ws://localhost:4321/' failed: Error in connection establishment: net::ERR_CONNECTION_REFUSED @ http://localhost:4321/@vite/client:1766
[ 7608407ms] [ERROR] WebSocket connection to 'ws://localhost:4321/' failed: Error in connection establishment: net::ERR_CONNECTION_REFUSED @ http://localhost:4321/@vite/client:1766
[ 7613637ms] [ERROR] WebSocket connection to 'ws://localhost:4321/' failed: Error in connection establishment: net::ERR_CONNECTION_REFUSED @ http://localhost:4321/@vite/client:1766
[ 7621685ms] [ERROR] WebSocket connection to 'ws://localhost:4321/' failed: Error in connection establishment: net::ERR_CONNECTION_REFUSED @ http://localhost:4321/@vite/client:1766
[ 7628001ms] [ERROR] WebSocket connection to 'ws://localhost:4321/' failed: Error in connection establishment: net::ERR_CONNECTION_REFUSED @ http://localhost:4321/@vite/client:1766
[ 7634578ms] [ERROR] WebSocket connection to 'ws://localhost:4321/' failed: Error in connection establishment: net::ERR_CONNECTION_REFUSED @ http://localhost:4321/@vite/client:1766
[ 7639698ms] [ERROR] WebSocket connection to 'ws://localhost:4321/' failed: Error in connection establishment: net::ERR_CONNECTION_REFUSED @ http://localhost:4321/@vite/client:1766
[ 7647277ms] [ERROR] WebSocket connection to 'ws://localhost:4321/' failed: Error in connection establishment: net::ERR_CONNECTION_REFUSED @ http://localhost:4321/@vite/client:1766
[ 7651812ms] [ERROR] WebSocket connection to 'ws://localhost:4321/' failed: Error in connection establishment: net::ERR_CONNECTION_REFUSED @ http://localhost:4321/@vite/client:1766
[ 7659326ms] [ERROR] WebSocket connection to 'ws://localhost:4321/' failed: Error in connection establishment: net::ERR_CONNECTION_REFUSED @ http://localhost:4321/@vite/client:1766
[ 7666443ms] [ERROR] WebSocket connection to 'ws://localhost:4321/' failed: Error in connection establishment: net::ERR_CONNECTION_REFUSED @ http://localhost:4321/@vite/client:1766
[ 7672107ms] [ERROR] WebSocket connection to 'ws://localhost:4321/' failed: Error in connection establishment: net::ERR_CONNECTION_REFUSED @ http://localhost:4321/@vite/client:1766
[ 7678172ms] [ERROR] WebSocket connection to 'ws://localhost:4321/' failed: Error in connection establishment: net::ERR_CONNECTION_REFUSED @ http://localhost:4321/@vite/client:1766
[ 7683071ms] [ERROR] WebSocket connection to 'ws://localhost:4321/' failed: Error in connection establishment: net::ERR_CONNECTION_REFUSED @ http://localhost:4321/@vite/client:1766
[ 7687486ms] [ERROR] WebSocket connection to 'ws://localhost:4321/' failed: Error in connection establishment: net::ERR_CONNECTION_REFUSED @ http://localhost:4321/@vite/client:1766
[ 7694368ms] [ERROR] WebSocket connection to 'ws://localhost:4321/' failed: Error in connection establishment: net::ERR_CONNECTION_REFUSED @ http://localhost:4321/@vite/client:1766
[ 7701517ms] [ERROR] WebSocket connection to 'ws://localhost:4321/' failed: Error in connection establishment: net::ERR_CONNECTION_REFUSED @ http://localhost:4321/@vite/client:1766
[ 7705932ms] [ERROR] WebSocket connection to 'ws://localhost:4321/' failed: Error in connection establishment: net::ERR_CONNECTION_REFUSED @ http://localhost:4321/@vite/client:1766
[ 7714045ms] [ERROR] WebSocket connection to 'ws://localhost:4321/' failed: Error in connection establishment: net::ERR_CONNECTION_REFUSED @ http://localhost:4321/@vite/client:1766
[ 7718588ms] [ERROR] WebSocket connection to 'ws://localhost:4321/' failed: Error in connection establishment: net::ERR_CONNECTION_REFUSED @ http://localhost:4321/@vite/client:1766
[ 7725143ms] [ERROR] WebSocket connection to 'ws://localhost:4321/' failed: Error in connection establishment: net::ERR_CONNECTION_REFUSED @ http://localhost:4321/@vite/client:1766
[ 7732109ms] [ERROR] WebSocket connection to 'ws://localhost:4321/' failed: Error in connection establishment: net::ERR_CONNECTION_REFUSED @ http://localhost:4321/@vite/client:1766
[ 7738606ms] [ERROR] WebSocket connection to 'ws://localhost:4321/' failed: Error in connection establishment: net::ERR_CONNECTION_REFUSED @ http://localhost:4321/@vite/client:1766
[ 7746087ms] [ERROR] WebSocket connection to 'ws://localhost:4321/' failed: Error in connection establishment: net::ERR_CONNECTION_REFUSED @ http://localhost:4321/@vite/client:1766
[ 7751417ms] [ERROR] WebSocket connection to 'ws://localhost:4321/' failed: Error in connection establishment: net::ERR_CONNECTION_REFUSED @ http://localhost:4321/@vite/client:1766
[ 7759519ms] [ERROR] WebSocket connection to 'ws://localhost:4321/' failed: Error in connection establishment: net::ERR_CONNECTION_REFUSED @ http://localhost:4321/@vite/client:1766
[ 7764084ms] [ERROR] WebSocket connection to 'ws://localhost:4321/' failed: Error in connection establishment: net::ERR_CONNECTION_REFUSED @ http://localhost:4321/@vite/client:1766
[ 7768649ms] [ERROR] WebSocket connection to 'ws://localhost:4321/' failed: Error in connection establishment: net::ERR_CONNECTION_REFUSED @ http://localhost:4321/@vite/client:1766
[ 7776629ms] [ERROR] WebSocket connection to 'ws://localhost:4321/' failed: Error in connection establishment: net::ERR_CONNECTION_REFUSED @ http://localhost:4321/@vite/client:1766
[ 7784062ms] [ERROR] WebSocket connection to 'ws://localhost:4321/' failed: Error in connection establishment: net::ERR_CONNECTION_REFUSED @ http://localhost:4321/@vite/client:1766
[ 7790345ms] [ERROR] WebSocket connection to 'ws://localhost:4321/' failed: Error in connection establishment: net::ERR_CONNECTION_REFUSED @ http://localhost:4321/@vite/client:1766
[ 7795093ms] [ERROR] WebSocket connection to 'ws://localhost:4321/' failed: Error in connection establishment: net::ERR_CONNECTION_REFUSED @ http://localhost:4321/@vite/client:1766
[ 7802776ms] [ERROR] WebSocket connection to 'ws://localhost:4321/' failed: Error in connection establishment: net::ERR_CONNECTION_REFUSED @ http://localhost:4321/@vite/client:1766
[ 7811006ms] [ERROR] WebSocket connection to 'ws://localhost:4321/' failed: Error in connection establishment: net::ERR_CONNECTION_REFUSED @ http://localhost:4321/@vite/client:1766
[ 7816906ms] [ERROR] WebSocket connection to 'ws://localhost:4321/' failed: Error in connection establishment: net::ERR_CONNECTION_REFUSED @ http://localhost:4321/@vite/client:1766
[ 7820237ms] [ERROR] WebSocket connection to 'ws://localhost:4321/' failed: Error in connection establishment: net::ERR_CONNECTION_REFUSED @ http://localhost:4321/@vite/client:1766
[ 7823587ms] [ERROR] WebSocket connection to 'ws://localhost:4321/' failed: Error in connection establishment: net::ERR_CONNECTION_REFUSED @ http://localhost:4321/@vite/client:1766
[ 7826935ms] [ERROR] WebSocket connection to 'ws://localhost:4321/' failed: Error in connection establishment: net::ERR_CONNECTION_REFUSED @ http://localhost:4321/@vite/client:1766
[ 7830279ms] [ERROR] WebSocket connection to 'ws://localhost:4321/' failed: Error in connection establishment: net::ERR_CONNECTION_REFUSED @ http://localhost:4321/@vite/client:1766
[ 7833617ms] [ERROR] WebSocket connection to 'ws://localhost:4321/' failed: Error in connection establishment: net::ERR_CONNECTION_REFUSED @ http://localhost:4321/@vite/client:1766
[ 7836967ms] [ERROR] WebSocket connection to 'ws://localhost:4321/' failed: Error in connection establishment: net::ERR_CONNECTION_REFUSED @ http://localhost:4321/@vite/client:1766
[ 7840315ms] [ERROR] WebSocket connection to 'ws://localhost:4321/' failed: Error in connection establishment: net::ERR_CONNECTION_REFUSED @ http://localhost:4321/@vite/client:1766
[ 7843649ms] [ERROR] WebSocket connection to 'ws://localhost:4321/' failed: Error in connection establishment: net::ERR_CONNECTION_REFUSED @ http://localhost:4321/@vite/client:1766
[ 7847014ms] [ERROR] WebSocket connection to 'ws://localhost:4321/' failed: Error in connection establishment: net::ERR_CONNECTION_REFUSED @ http://localhost:4321/@vite/client:1766
[ 7850396ms] [ERROR] WebSocket connection to 'ws://localhost:4321/' failed: Error in connection establishment: net::ERR_CONNECTION_REFUSED @ http://localhost:4321/@vite/client:1766
[ 7853810ms] [ERROR] WebSocket connection to 'ws://localhost:4321/' failed: Error in connection establishment: net::ERR_CONNECTION_REFUSED @ http://localhost:4321/@vite/client:1766
[ 7857228ms] [ERROR] WebSocket connection to 'ws://localhost:4321/' failed: Error in connection establishment: net::ERR_CONNECTION_REFUSED @ http://localhost:4321/@vite/client:1766
[ 7860725ms] [ERROR] WebSocket connection to 'ws://localhost:4321/' failed: Error in connection establishment: net::ERR_CONNECTION_REFUSED @ http://localhost:4321/@vite/client:1766
[ 7864560ms] [ERROR] WebSocket connection to 'ws://localhost:4321/' failed: Error in connection establishment: net::ERR_CONNECTION_REFUSED @ http://localhost:4321/@vite/client:1766
[ 7869091ms] [ERROR] WebSocket connection to 'ws://localhost:4321/' failed: Error in connection establishment: net::ERR_CONNECTION_REFUSED @ http://localhost:4321/@vite/client:1766
[ 7872975ms] [ERROR] WebSocket connection to 'ws://localhost:4321/' failed: Error in connection establishment: net::ERR_CONNECTION_REFUSED @ http://localhost:4321/@vite/client:1766
[ 7881290ms] [ERROR] WebSocket connection to 'ws://localhost:4321/' failed: Error in connection establishment: net::ERR_CONNECTION_REFUSED @ http://localhost:4321/@vite/client:1766
[ 7889436ms] [ERROR] WebSocket connection to 'ws://localhost:4321/' failed: Error in connection establishment: net::ERR_CONNECTION_REFUSED @ http://localhost:4321/@vite/client:1766
[ 7894333ms] [ERROR] WebSocket connection to 'ws://localhost:4321/' failed: Error in connection establishment: net::ERR_CONNECTION_REFUSED @ http://localhost:4321/@vite/client:1766
[ 7902318ms] [ERROR] WebSocket connection to 'ws://localhost:4321/' failed: Error in connection establishment: net::ERR_CONNECTION_REFUSED @ http://localhost:4321/@vite/client:1766
[ 7909082ms] [ERROR] WebSocket connection to 'ws://localhost:4321/' failed: Error in connection establishment: net::ERR_CONNECTION_REFUSED @ http://localhost:4321/@vite/client:1766
[ 7916246ms] [ERROR] WebSocket connection to 'ws://localhost:4321/' failed: Error in connection establishment: net::ERR_CONNECTION_REFUSED @ http://localhost:4321/@vite/client:1766
[ 7923595ms] [ERROR] WebSocket connection to 'ws://localhost:4321/' failed: Error in connection establishment: net::ERR_CONNECTION_REFUSED @ http://localhost:4321/@vite/client:1766
[ 7930793ms] [ERROR] WebSocket connection to 'ws://localhost:4321/' failed: Error in connection establishment: net::ERR_CONNECTION_REFUSED @ http://localhost:4321/@vite/client:1766
[ 7937526ms] [ERROR] WebSocket connection to 'ws://localhost:4321/' failed: Error in connection establishment: net::ERR_CONNECTION_REFUSED @ http://localhost:4321/@vite/client:1766
[ 7940842ms] [ERROR] WebSocket connection to 'ws://localhost:4321/' failed: Error in connection establishment: net::ERR_CONNECTION_REFUSED @ http://localhost:4321/@vite/client:1766
[ 7944174ms] [ERROR] WebSocket connection to 'ws://localhost:4321/' failed: Error in connection establishment: net::ERR_CONNECTION_REFUSED @ http://localhost:4321/@vite/client:1766
[ 7947524ms] [ERROR] WebSocket connection to 'ws://localhost:4321/' failed: Error in connection establishment: net::ERR_CONNECTION_REFUSED @ http://localhost:4321/@vite/client:1766
[ 7950873ms] [ERROR] WebSocket connection to 'ws://localhost:4321/' failed: Error in connection establishment: net::ERR_CONNECTION_REFUSED @ http://localhost:4321/@vite/client:1766
[ 7954202ms] [ERROR] WebSocket connection to 'ws://localhost:4321/' failed: Error in connection establishment: net::ERR_CONNECTION_REFUSED @ http://localhost:4321/@vite/client:1766
[ 7957552ms] [ERROR] WebSocket connection to 'ws://localhost:4321/' failed: Error in connection establishment: net::ERR_CONNECTION_REFUSED @ http://localhost:4321/@vite/client:1766
[ 7960904ms] [ERROR] WebSocket connection to 'ws://localhost:4321/' failed: Error in connection establishment: net::ERR_CONNECTION_REFUSED @ http://localhost:4321/@vite/client:1766
[ 7964236ms] [ERROR] WebSocket connection to 'ws://localhost:4321/' failed: Error in connection establishment: net::ERR_CONNECTION_REFUSED @ http://localhost:4321/@vite/client:1766
[ 7967602ms] [ERROR] WebSocket connection to 'ws://localhost:4321/' failed: Error in connection establishment: net::ERR_CONNECTION_REFUSED @ http://localhost:4321/@vite/client:1766
[ 7970967ms] [ERROR] WebSocket connection to 'ws://localhost:4321/' failed: Error in connection establishment: net::ERR_CONNECTION_REFUSED @ http://localhost:4321/@vite/client:1766
[ 7974367ms] [ERROR] WebSocket connection to 'ws://localhost:4321/' failed: Error in connection establishment: net::ERR_CONNECTION_REFUSED @ http://localhost:4321/@vite/client:1766
[ 7977781ms] [ERROR] WebSocket connection to 'ws://localhost:4321/' failed: Error in connection establishment: net::ERR_CONNECTION_REFUSED @ http://localhost:4321/@vite/client:1766
[ 7981310ms] [ERROR] WebSocket connection to 'ws://localhost:4321/' failed: Error in connection establishment: net::ERR_CONNECTION_REFUSED @ http://localhost:4321/@vite/client:1766
[ 7985181ms] [ERROR] WebSocket connection to 'ws://localhost:4321/' failed: Error in connection establishment: net::ERR_CONNECTION_REFUSED @ http://localhost:4321/@vite/client:1766
[ 7989430ms] [ERROR] WebSocket connection to 'ws://localhost:4321/' failed: Error in connection establishment: net::ERR_CONNECTION_REFUSED @ http://localhost:4321/@vite/client:1766
[ 7994160ms] [ERROR] WebSocket connection to 'ws://localhost:4321/' failed: Error in connection establishment: net::ERR_CONNECTION_REFUSED @ http://localhost:4321/@vite/client:1766
[ 8000259ms] [ERROR] WebSocket connection to 'ws://localhost:4321/' failed: Error in connection establishment: net::ERR_CONNECTION_REFUSED @ http://localhost:4321/@vite/client:1766
[ 8005175ms] [ERROR] WebSocket connection to 'ws://localhost:4321/' failed: Error in connection establishment: net::ERR_CONNECTION_REFUSED @ http://localhost:4321/@vite/client:1766
[ 8011374ms] [ERROR] WebSocket connection to 'ws://localhost:4321/' failed: Error in connection establishment: net::ERR_CONNECTION_REFUSED @ http://localhost:4321/@vite/client:1766
[ 8018556ms] [ERROR] WebSocket connection to 'ws://localhost:4321/' failed: Error in connection establishment: net::ERR_CONNECTION_REFUSED @ http://localhost:4321/@vite/client:1766
[ 8026504ms] [ERROR] WebSocket connection to 'ws://localhost:4321/' failed: Error in connection establishment: net::ERR_CONNECTION_REFUSED @ http://localhost:4321/@vite/client:1766
[ 8033002ms] [ERROR] WebSocket connection to 'ws://localhost:4321/' failed: Error in connection establishment: net::ERR_CONNECTION_REFUSED @ http://localhost:4321/@vite/client:1766
[ 8038897ms] [ERROR] WebSocket connection to 'ws://localhost:4321/' failed: Error in connection establishment: net::ERR_CONNECTION_REFUSED @ http://localhost:4321/@vite/client:1766
[ 8044931ms] [ERROR] WebSocket connection to 'ws://localhost:4321/' failed: Error in connection establishment: net::ERR_CONNECTION_REFUSED @ http://localhost:4321/@vite/client:1766
[ 8052680ms] [ERROR] WebSocket connection to 'ws://localhost:4321/' failed: Error in connection establishment: net::ERR_CONNECTION_REFUSED @ http://localhost:4321/@vite/client:1766
[ 8060595ms] [ERROR] WebSocket connection to 'ws://localhost:4321/' failed: Error in connection establishment: net::ERR_CONNECTION_REFUSED @ http://localhost:4321/@vite/client:1766
[ 8066195ms] [ERROR] WebSocket connection to 'ws://localhost:4321/' failed: Error in connection establishment: net::ERR_CONNECTION_REFUSED @ http://localhost:4321/@vite/client:1766
[ 8071410ms] [ERROR] WebSocket connection to 'ws://localhost:4321/' failed: Error in connection establishment: net::ERR_CONNECTION_REFUSED @ http://localhost:4321/@vite/client:1766
[ 8076174ms] [ERROR] WebSocket connection to 'ws://localhost:4321/' failed: Error in connection establishment: net::ERR_CONNECTION_REFUSED @ http://localhost:4321/@vite/client:1766
[ 8082024ms] [ERROR] WebSocket connection to 'ws://localhost:4321/' failed: Error in connection establishment: net::ERR_CONNECTION_REFUSED @ http://localhost:4321/@vite/client:1766
[ 8087373ms] [ERROR] WebSocket connection to 'ws://localhost:4321/' failed: Error in connection establishment: net::ERR_CONNECTION_REFUSED @ http://localhost:4321/@vite/client:1766
[ 8094019ms] [ERROR] WebSocket connection to 'ws://localhost:4321/' failed: Error in connection establishment: net::ERR_CONNECTION_REFUSED @ http://localhost:4321/@vite/client:1766
[ 8101817ms] [ERROR] WebSocket connection to 'ws://localhost:4321/' failed: Error in connection establishment: net::ERR_CONNECTION_REFUSED @ http://localhost:4321/@vite/client:1766
[ 8106833ms] [ERROR] WebSocket connection to 'ws://localhost:4321/' failed: Error in connection establishment: net::ERR_CONNECTION_REFUSED @ http://localhost:4321/@vite/client:1766
[ 8111584ms] [ERROR] WebSocket connection to 'ws://localhost:4321/' failed: Error in connection establishment: net::ERR_CONNECTION_REFUSED @ http://localhost:4321/@vite/client:1766
[ 8117431ms] [ERROR] WebSocket connection to 'ws://localhost:4321/' failed: Error in connection establishment: net::ERR_CONNECTION_REFUSED @ http://localhost:4321/@vite/client:1766
[ 8123876ms] [ERROR] WebSocket connection to 'ws://localhost:4321/' failed: Error in connection establishment: net::ERR_CONNECTION_REFUSED @ http://localhost:4321/@vite/client:1766
[ 8130860ms] [ERROR] WebSocket connection to 'ws://localhost:4321/' failed: Error in connection establishment: net::ERR_CONNECTION_REFUSED @ http://localhost:4321/@vite/client:1766
[ 8138825ms] [ERROR] WebSocket connection to 'ws://localhost:4321/' failed: Error in connection establishment: net::ERR_CONNECTION_REFUSED @ http://localhost:4321/@vite/client:1766
[ 8143225ms] [ERROR] WebSocket connection to 'ws://localhost:4321/' failed: Error in connection establishment: net::ERR_CONNECTION_REFUSED @ http://localhost:4321/@vite/client:1766
[ 8149140ms] [ERROR] WebSocket connection to 'ws://localhost:4321/' failed: Error in connection establishment: net::ERR_CONNECTION_REFUSED @ http://localhost:4321/@vite/client:1766
[ 8155169ms] [ERROR] WebSocket connection to 'ws://localhost:4321/' failed: Error in connection establishment: net::ERR_CONNECTION_REFUSED @ http://localhost:4321/@vite/client:1766
[ 8161737ms] [ERROR] WebSocket connection to 'ws://localhost:4321/' failed: Error in connection establishment: net::ERR_CONNECTION_REFUSED @ http://localhost:4321/@vite/client:1766
[ 8166236ms] [ERROR] WebSocket connection to 'ws://localhost:4321/' failed: Error in connection establishment: net::ERR_CONNECTION_REFUSED @ http://localhost:4321/@vite/client:1766
[ 8172852ms] [ERROR] WebSocket connection to 'ws://localhost:4321/' failed: Error in connection establishment: net::ERR_CONNECTION_REFUSED @ http://localhost:4321/@vite/client:1766
[ 8178282ms] [ERROR] WebSocket connection to 'ws://localhost:4321/' failed: Error in connection establishment: net::ERR_CONNECTION_REFUSED @ http://localhost:4321/@vite/client:1766
[ 8181630ms] [ERROR] WebSocket connection to 'ws://localhost:4321/' failed: Error in connection establishment: net::ERR_CONNECTION_REFUSED @ http://localhost:4321/@vite/client:1766
[ 8184981ms] [ERROR] WebSocket connection to 'ws://localhost:4321/' failed: Error in connection establishment: net::ERR_CONNECTION_REFUSED @ http://localhost:4321/@vite/client:1766
[ 8188315ms] [ERROR] WebSocket connection to 'ws://localhost:4321/' failed: Error in connection establishment: net::ERR_CONNECTION_REFUSED @ http://localhost:4321/@vite/client:1766
[ 8191646ms] [ERROR] WebSocket connection to 'ws://localhost:4321/' failed: Error in connection establishment: net::ERR_CONNECTION_REFUSED @ http://localhost:4321/@vite/client:1766
[ 8194995ms] [ERROR] WebSocket connection to 'ws://localhost:4321/' failed: Error in connection establishment: net::ERR_CONNECTION_REFUSED @ http://localhost:4321/@vite/client:1766
[ 8198345ms] [ERROR] WebSocket connection to 'ws://localhost:4321/' failed: Error in connection establishment: net::ERR_CONNECTION_REFUSED @ http://localhost:4321/@vite/client:1766
[ 8201694ms] [ERROR] WebSocket connection to 'ws://localhost:4321/' failed: Error in connection establishment: net::ERR_CONNECTION_REFUSED @ http://localhost:4321/@vite/client:1766
[ 8205042ms] [ERROR] WebSocket connection to 'ws://localhost:4321/' failed: Error in connection establishment: net::ERR_CONNECTION_REFUSED @ http://localhost:4321/@vite/client:1766
[ 8208392ms] [ERROR] WebSocket connection to 'ws://localhost:4321/' failed: Error in connection establishment: net::ERR_CONNECTION_REFUSED @ http://localhost:4321/@vite/client:1766
[ 8211740ms] [ERROR] WebSocket connection to 'ws://localhost:4321/' failed: Error in connection establishment: net::ERR_CONNECTION_REFUSED @ http://localhost:4321/@vite/client:1766
[ 8215106ms] [ERROR] WebSocket connection to 'ws://localhost:4321/' failed: Error in connection establishment: net::ERR_CONNECTION_REFUSED @ http://localhost:4321/@vite/client:1766
[ 8218555ms] [ERROR] WebSocket connection to 'ws://localhost:4321/' failed: Error in connection establishment: net::ERR_CONNECTION_REFUSED @ http://localhost:4321/@vite/client:1766
[ 8222157ms] [ERROR] WebSocket connection to 'ws://localhost:4321/' failed: Error in connection establishment: net::ERR_CONNECTION_REFUSED @ http://localhost:4321/@vite/client:1766
[ 8225921ms] [ERROR] WebSocket connection to 'ws://localhost:4321/' failed: Error in connection establishment: net::ERR_CONNECTION_REFUSED @ http://localhost:4321/@vite/client:1766
[ 8229953ms] [ERROR] WebSocket connection to 'ws://localhost:4321/' failed: Error in connection establishment: net::ERR_CONNECTION_REFUSED @ http://localhost:4321/@vite/client:1766
[ 8234501ms] [ERROR] WebSocket connection to 'ws://localhost:4321/' failed: Error in connection establishment: net::ERR_CONNECTION_REFUSED @ http://localhost:4321/@vite/client:1766
[ 8241518ms] [ERROR] WebSocket connection to 'ws://localhost:4321/' failed: Error in connection establishment: net::ERR_CONNECTION_REFUSED @ http://localhost:4321/@vite/client:1766
[ 8246317ms] [ERROR] WebSocket connection to 'ws://localhost:4321/' failed: Error in connection establishment: net::ERR_CONNECTION_REFUSED @ http://localhost:4321/@vite/client:1766
[ 8252249ms] [ERROR] WebSocket connection to 'ws://localhost:4321/' failed: Error in connection establishment: net::ERR_CONNECTION_REFUSED @ http://localhost:4321/@vite/client:1766
[ 8256946ms] [ERROR] WebSocket connection to 'ws://localhost:4321/' failed: Error in connection establishment: net::ERR_CONNECTION_REFUSED @ http://localhost:4321/@vite/client:1766
[ 8264879ms] [ERROR] WebSocket connection to 'ws://localhost:4321/' failed: Error in connection establishment: net::ERR_CONNECTION_REFUSED @ http://localhost:4321/@vite/client:1766
[ 8269661ms] [ERROR] WebSocket connection to 'ws://localhost:4321/' failed: Error in connection establishment: net::ERR_CONNECTION_REFUSED @ http://localhost:4321/@vite/client:1766
[ 8274341ms] [ERROR] WebSocket connection to 'ws://localhost:4321/' failed: Error in connection establishment: net::ERR_CONNECTION_REFUSED @ http://localhost:4321/@vite/client:1766
[ 8282508ms] [ERROR] WebSocket connection to 'ws://localhost:4321/' failed: Error in connection establishment: net::ERR_CONNECTION_REFUSED @ http://localhost:4321/@vite/client:1766
[ 8290837ms] [ERROR] WebSocket connection to 'ws://localhost:4321/' failed: Error in connection establishment: net::ERR_CONNECTION_REFUSED @ http://localhost:4321/@vite/client:1766
[ 8295921ms] [ERROR] WebSocket connection to 'ws://localhost:4321/' failed: Error in connection establishment: net::ERR_CONNECTION_REFUSED @ http://localhost:4321/@vite/client:1766
[ 8301454ms] [ERROR] WebSocket connection to 'ws://localhost:4321/' failed: Error in connection establishment: net::ERR_CONNECTION_REFUSED @ http://localhost:4321/@vite/client:1766
[ 8306601ms] [ERROR] WebSocket connection to 'ws://localhost:4321/' failed: Error in connection establishment: net::ERR_CONNECTION_REFUSED @ http://localhost:4321/@vite/client:1766
[ 8311131ms] [ERROR] WebSocket connection to 'ws://localhost:4321/' failed: Error in connection establishment: net::ERR_CONNECTION_REFUSED @ http://localhost:4321/@vite/client:1766
[ 8317149ms] [ERROR] WebSocket connection to 'ws://localhost:4321/' failed: Error in connection establishment: net::ERR_CONNECTION_REFUSED @ http://localhost:4321/@vite/client:1766
[ 8322865ms] [ERROR] WebSocket connection to 'ws://localhost:4321/' failed: Error in connection establishment: net::ERR_CONNECTION_REFUSED @ http://localhost:4321/@vite/client:1766
[ 8328945ms] [ERROR] WebSocket connection to 'ws://localhost:4321/' failed: Error in connection establishment: net::ERR_CONNECTION_REFUSED @ http://localhost:4321/@vite/client:1766
[ 8333759ms] [ERROR] WebSocket connection to 'ws://localhost:4321/' failed: Error in connection establishment: net::ERR_CONNECTION_REFUSED @ http://localhost:4321/@vite/client:1766
[ 8340259ms] [ERROR] WebSocket connection to 'ws://localhost:4321/' failed: Error in connection establishment: net::ERR_CONNECTION_REFUSED @ http://localhost:4321/@vite/client:1766
[ 8348258ms] [ERROR] WebSocket connection to 'ws://localhost:4321/' failed: Error in connection establishment: net::ERR_CONNECTION_REFUSED @ http://localhost:4321/@vite/client:1766
[ 8354772ms] [ERROR] WebSocket connection to 'ws://localhost:4321/' failed: Error in connection establishment: net::ERR_CONNECTION_REFUSED @ http://localhost:4321/@vite/client:1766
[ 8362623ms] [ERROR] WebSocket connection to 'ws://localhost:4321/' failed: Error in connection establishment: net::ERR_CONNECTION_REFUSED @ http://localhost:4321/@vite/client:1766
[ 8367970ms] [ERROR] WebSocket connection to 'ws://localhost:4321/' failed: Error in connection establishment: net::ERR_CONNECTION_REFUSED @ http://localhost:4321/@vite/client:1766
[ 8374503ms] [ERROR] WebSocket connection to 'ws://localhost:4321/' failed: Error in connection establishment: net::ERR_CONNECTION_REFUSED @ http://localhost:4321/@vite/client:1766
[ 8380366ms] [ERROR] WebSocket connection to 'ws://localhost:4321/' failed: Error in connection establishment: net::ERR_CONNECTION_REFUSED @ http://localhost:4321/@vite/client:1766
[ 8387882ms] [ERROR] WebSocket connection to 'ws://localhost:4321/' failed: Error in connection establishment: net::ERR_CONNECTION_REFUSED @ http://localhost:4321/@vite/client:1766
[ 8393914ms] [ERROR] WebSocket connection to 'ws://localhost:4321/' failed: Error in connection establishment: net::ERR_CONNECTION_REFUSED @ http://localhost:4321/@vite/client:1766
[ 8401795ms] [ERROR] WebSocket connection to 'ws://localhost:4321/' failed: Error in connection establishment: net::ERR_CONNECTION_REFUSED @ http://localhost:4321/@vite/client:1766
[ 8409061ms] [ERROR] WebSocket connection to 'ws://localhost:4321/' failed: Error in connection establishment: net::ERR_CONNECTION_REFUSED @ http://localhost:4321/@vite/client:1766
[ 8414375ms] [ERROR] WebSocket connection to 'ws://localhost:4321/' failed: Error in connection establishment: net::ERR_CONNECTION_REFUSED @ http://localhost:4321/@vite/client:1766
[ 8419621ms] [ERROR] WebSocket connection to 'ws://localhost:4321/' failed: Error in connection establishment: net::ERR_CONNECTION_REFUSED @ http://localhost:4321/@vite/client:1766
[ 8427668ms] [ERROR] WebSocket connection to 'ws://localhost:4321/' failed: Error in connection establishment: net::ERR_CONNECTION_REFUSED @ http://localhost:4321/@vite/client:1766
[ 8435137ms] [ERROR] WebSocket connection to 'ws://localhost:4321/' failed: Error in connection establishment: net::ERR_CONNECTION_REFUSED @ http://localhost:4321/@vite/client:1766
[ 8442668ms] [ERROR] WebSocket connection to 'ws://localhost:4321/' failed: Error in connection establishment: net::ERR_CONNECTION_REFUSED @ http://localhost:4321/@vite/client:1766
[ 8448651ms] [ERROR] WebSocket connection to 'ws://localhost:4321/' failed: Error in connection establishment: net::ERR_CONNECTION_REFUSED @ http://localhost:4321/@vite/client:1766
[ 8456893ms] [ERROR] WebSocket connection to 'ws://localhost:4321/' failed: Error in connection establishment: net::ERR_CONNECTION_REFUSED @ http://localhost:4321/@vite/client:1766
[ 8464029ms] [ERROR] WebSocket connection to 'ws://localhost:4321/' failed: Error in connection establishment: net::ERR_CONNECTION_REFUSED @ http://localhost:4321/@vite/client:1766
[ 8471942ms] [ERROR] WebSocket connection to 'ws://localhost:4321/' failed: Error in connection establishment: net::ERR_CONNECTION_REFUSED @ http://localhost:4321/@vite/client:1766
[ 8480109ms] [ERROR] WebSocket connection to 'ws://localhost:4321/' failed: Error in connection establishment: net::ERR_CONNECTION_REFUSED @ http://localhost:4321/@vite/client:1766
[ 8485124ms] [ERROR] WebSocket connection to 'ws://localhost:4321/' failed: Error in connection establishment: net::ERR_CONNECTION_REFUSED @ http://localhost:4321/@vite/client:1766
[ 8493090ms] [ERROR] WebSocket connection to 'ws://localhost:4321/' failed: Error in connection establishment: net::ERR_CONNECTION_REFUSED @ http://localhost:4321/@vite/client:1766
[ 8499803ms] [ERROR] WebSocket connection to 'ws://localhost:4321/' failed: Error in connection establishment: net::ERR_CONNECTION_REFUSED @ http://localhost:4321/@vite/client:1766
[ 8506920ms] [ERROR] WebSocket connection to 'ws://localhost:4321/' failed: Error in connection establishment: net::ERR_CONNECTION_REFUSED @ http://localhost:4321/@vite/client:1766
[ 8512134ms] [ERROR] WebSocket connection to 'ws://localhost:4321/' failed: Error in connection establishment: net::ERR_CONNECTION_REFUSED @ http://localhost:4321/@vite/client:1766
[ 8519332ms] [ERROR] WebSocket connection to 'ws://localhost:4321/' failed: Error in connection establishment: net::ERR_CONNECTION_REFUSED @ http://localhost:4321/@vite/client:1766
[ 8526095ms] [ERROR] WebSocket connection to 'ws://localhost:4321/' failed: Error in connection establishment: net::ERR_CONNECTION_REFUSED @ http://localhost:4321/@vite/client:1766
[ 8531063ms] [ERROR] WebSocket connection to 'ws://localhost:4321/' failed: Error in connection establishment: net::ERR_CONNECTION_REFUSED @ http://localhost:4321/@vite/client:1766
[ 8537728ms] [ERROR] WebSocket connection to 'ws://localhost:4321/' failed: Error in connection establishment: net::ERR_CONNECTION_REFUSED @ http://localhost:4321/@vite/client:1766
[ 8544895ms] [ERROR] WebSocket connection to 'ws://localhost:4321/' failed: Error in connection establishment: net::ERR_CONNECTION_REFUSED @ http://localhost:4321/@vite/client:1766
[ 8551309ms] [ERROR] WebSocket connection to 'ws://localhost:4321/' failed: Error in connection establishment: net::ERR_CONNECTION_REFUSED @ http://localhost:4321/@vite/client:1766
[ 8558523ms] [ERROR] WebSocket connection to 'ws://localhost:4321/' failed: Error in connection establishment: net::ERR_CONNECTION_REFUSED @ http://localhost:4321/@vite/client:1766
[ 8563189ms] [ERROR] WebSocket connection to 'ws://localhost:4321/' failed: Error in connection establishment: net::ERR_CONNECTION_REFUSED @ http://localhost:4321/@vite/client:1766
[ 8570435ms] [ERROR] WebSocket connection to 'ws://localhost:4321/' failed: Error in connection establishment: net::ERR_CONNECTION_REFUSED @ http://localhost:4321/@vite/client:1766
[ 8577753ms] [ERROR] WebSocket connection to 'ws://localhost:4321/' failed: Error in connection establishment: net::ERR_CONNECTION_REFUSED @ http://localhost:4321/@vite/client:1766
[ 8584450ms] [ERROR] WebSocket connection to 'ws://localhost:4321/' failed: Error in connection establishment: net::ERR_CONNECTION_REFUSED @ http://localhost:4321/@vite/client:1766
[ 8591713ms] [ERROR] WebSocket connection to 'ws://localhost:4321/' failed: Error in connection establishment: net::ERR_CONNECTION_REFUSED @ http://localhost:4321/@vite/client:1766
[ 8600011ms] [ERROR] WebSocket connection to 'ws://localhost:4321/' failed: Error in connection establishment: net::ERR_CONNECTION_REFUSED @ http://localhost:4321/@vite/client:1766
[ 8606528ms] [ERROR] WebSocket connection to 'ws://localhost:4321/' failed: Error in connection establishment: net::ERR_CONNECTION_REFUSED @ http://localhost:4321/@vite/client:1766
[ 8613157ms] [ERROR] WebSocket connection to 'ws://localhost:4321/' failed: Error in connection establishment: net::ERR_CONNECTION_REFUSED @ http://localhost:4321/@vite/client:1766
[ 8619423ms] [ERROR] WebSocket connection to 'ws://localhost:4321/' failed: Error in connection establishment: net::ERR_CONNECTION_REFUSED @ http://localhost:4321/@vite/client:1766
[ 8627241ms] [ERROR] WebSocket connection to 'ws://localhost:4321/' failed: Error in connection establishment: net::ERR_CONNECTION_REFUSED @ http://localhost:4321/@vite/client:1766
[ 8635254ms] [ERROR] WebSocket connection to 'ws://localhost:4321/' failed: Error in connection establishment: net::ERR_CONNECTION_REFUSED @ http://localhost:4321/@vite/client:1766
[ 8643086ms] [ERROR] WebSocket connection to 'ws://localhost:4321/' failed: Error in connection establishment: net::ERR_CONNECTION_REFUSED @ http://localhost:4321/@vite/client:1766
[ 8648501ms] [ERROR] WebSocket connection to 'ws://localhost:4321/' failed: Error in connection establishment: net::ERR_CONNECTION_REFUSED @ http://localhost:4321/@vite/client:1766
[ 8653451ms] [ERROR] WebSocket connection to 'ws://localhost:4321/' failed: Error in connection establishment: net::ERR_CONNECTION_REFUSED @ http://localhost:4321/@vite/client:1766
[ 8660213ms] [ERROR] WebSocket connection to 'ws://localhost:4321/' failed: Error in connection establishment: net::ERR_CONNECTION_REFUSED @ http://localhost:4321/@vite/client:1766
[ 8668228ms] [ERROR] WebSocket connection to 'ws://localhost:4321/' failed: Error in connection establishment: net::ERR_CONNECTION_REFUSED @ http://localhost:4321/@vite/client:1766
[ 8673279ms] [ERROR] WebSocket connection to 'ws://localhost:4321/' failed: Error in connection establishment: net::ERR_CONNECTION_REFUSED @ http://localhost:4321/@vite/client:1766
[ 8678991ms] [ERROR] WebSocket connection to 'ws://localhost:4321/' failed: Error in connection establishment: net::ERR_CONNECTION_REFUSED @ http://localhost:4321/@vite/client:1766
[ 8685824ms] [ERROR] WebSocket connection to 'ws://localhost:4321/' failed: Error in connection establishment: net::ERR_CONNECTION_REFUSED @ http://localhost:4321/@vite/client:1766
[ 8691124ms] [ERROR] WebSocket connection to 'ws://localhost:4321/' failed: Error in connection establishment: net::ERR_CONNECTION_REFUSED @ http://localhost:4321/@vite/client:1766
[ 8697789ms] [ERROR] WebSocket connection to 'ws://localhost:4321/' failed: Error in connection establishment: net::ERR_CONNECTION_REFUSED @ http://localhost:4321/@vite/client:1766
[ 8704170ms] [ERROR] WebSocket connection to 'ws://localhost:4321/' failed: Error in connection establishment: net::ERR_CONNECTION_REFUSED @ http://localhost:4321/@vite/client:1766
[ 8710752ms] [ERROR] WebSocket connection to 'ws://localhost:4321/' failed: Error in connection establishment: net::ERR_CONNECTION_REFUSED @ http://localhost:4321/@vite/client:1766
[ 8716736ms] [ERROR] WebSocket connection to 'ws://localhost:4321/' failed: Error in connection establishment: net::ERR_CONNECTION_REFUSED @ http://localhost:4321/@vite/client:1766
[ 8723183ms] [ERROR] WebSocket connection to 'ws://localhost:4321/' failed: Error in connection establishment: net::ERR_CONNECTION_REFUSED @ http://localhost:4321/@vite/client:1766
[ 8729449ms] [ERROR] WebSocket connection to 'ws://localhost:4321/' failed: Error in connection establishment: net::ERR_CONNECTION_REFUSED @ http://localhost:4321/@vite/client:1766
[ 8737242ms] [ERROR] WebSocket connection to 'ws://localhost:4321/' failed: Error in connection establishment: net::ERR_CONNECTION_REFUSED @ http://localhost:4321/@vite/client:1766
[ 8742594ms] [ERROR] WebSocket connection to 'ws://localhost:4321/' failed: Error in connection establishment: net::ERR_CONNECTION_REFUSED @ http://localhost:4321/@vite/client:1766
[ 8748661ms] [ERROR] WebSocket connection to 'ws://localhost:4321/' failed: Error in connection establishment: net::ERR_CONNECTION_REFUSED @ http://localhost:4321/@vite/client:1766
[ 8756059ms] [ERROR] WebSocket connection to 'ws://localhost:4321/' failed: Error in connection establishment: net::ERR_CONNECTION_REFUSED @ http://localhost:4321/@vite/client:1766
[ 8763391ms] [ERROR] WebSocket connection to 'ws://localhost:4321/' failed: Error in connection establishment: net::ERR_CONNECTION_REFUSED @ http://localhost:4321/@vite/client:1766
[ 8767789ms] [ERROR] WebSocket connection to 'ws://localhost:4321/' failed: Error in connection establishment: net::ERR_CONNECTION_REFUSED @ http://localhost:4321/@vite/client:1766
[ 8776120ms] [ERROR] WebSocket connection to 'ws://localhost:4321/' failed: Error in connection establishment: net::ERR_CONNECTION_REFUSED @ http://localhost:4321/@vite/client:1766
[ 8783317ms] [ERROR] WebSocket connection to 'ws://localhost:4321/' failed: Error in connection establishment: net::ERR_CONNECTION_REFUSED @ http://localhost:4321/@vite/client:1766
[ 8787652ms] [ERROR] WebSocket connection to 'ws://localhost:4321/' failed: Error in connection establishment: net::ERR_CONNECTION_REFUSED @ http://localhost:4321/@vite/client:1766
[ 8795766ms] [ERROR] WebSocket connection to 'ws://localhost:4321/' failed: Error in connection establishment: net::ERR_CONNECTION_REFUSED @ http://localhost:4321/@vite/client:1766
[ 8800945ms] [ERROR] WebSocket connection to 'ws://localhost:4321/' failed: Error in connection establishment: net::ERR_CONNECTION_REFUSED @ http://localhost:4321/@vite/client:1766
[ 8807696ms] [ERROR] WebSocket connection to 'ws://localhost:4321/' failed: Error in connection establishment: net::ERR_CONNECTION_REFUSED @ http://localhost:4321/@vite/client:1766
[ 8813410ms] [ERROR] WebSocket connection to 'ws://localhost:4321/' failed: Error in connection establishment: net::ERR_CONNECTION_REFUSED @ http://localhost:4321/@vite/client:1766
[ 8820842ms] [ERROR] WebSocket connection to 'ws://localhost:4321/' failed: Error in connection establishment: net::ERR_CONNECTION_REFUSED @ http://localhost:4321/@vite/client:1766
[ 8826392ms] [ERROR] WebSocket connection to 'ws://localhost:4321/' failed: Error in connection establishment: net::ERR_CONNECTION_REFUSED @ http://localhost:4321/@vite/client:1766
[ 8832224ms] [ERROR] WebSocket connection to 'ws://localhost:4321/' failed: Error in connection establishment: net::ERR_CONNECTION_REFUSED @ http://localhost:4321/@vite/client:1766
[ 8839189ms] [ERROR] WebSocket connection to 'ws://localhost:4321/' failed: Error in connection establishment: net::ERR_CONNECTION_REFUSED @ http://localhost:4321/@vite/client:1766
[ 8845169ms] [ERROR] WebSocket connection to 'ws://localhost:4321/' failed: Error in connection establishment: net::ERR_CONNECTION_REFUSED @ http://localhost:4321/@vite/client:1766
[ 8853167ms] [ERROR] WebSocket connection to 'ws://localhost:4321/' failed: Error in connection establishment: net::ERR_CONNECTION_REFUSED @ http://localhost:4321/@vite/client:1766
[ 8858018ms] [ERROR] WebSocket connection to 'ws://localhost:4321/' failed: Error in connection establishment: net::ERR_CONNECTION_REFUSED @ http://localhost:4321/@vite/client:1766
[ 8863095ms] [ERROR] WebSocket connection to 'ws://localhost:4321/' failed: Error in connection establishment: net::ERR_CONNECTION_REFUSED @ http://localhost:4321/@vite/client:1766
[ 8870997ms] [ERROR] WebSocket connection to 'ws://localhost:4321/' failed: Error in connection establishment: net::ERR_CONNECTION_REFUSED @ http://localhost:4321/@vite/client:1766
[ 8879343ms] [ERROR] WebSocket connection to 'ws://localhost:4321/' failed: Error in connection establishment: net::ERR_CONNECTION_REFUSED @ http://localhost:4321/@vite/client:1766
[ 8886277ms] [ERROR] WebSocket connection to 'ws://localhost:4321/' failed: Error in connection establishment: net::ERR_CONNECTION_REFUSED @ http://localhost:4321/@vite/client:1766
[ 8891058ms] [ERROR] WebSocket connection to 'ws://localhost:4321/' failed: Error in connection establishment: net::ERR_CONNECTION_REFUSED @ http://localhost:4321/@vite/client:1766
[ 8897891ms] [ERROR] WebSocket connection to 'ws://localhost:4321/' failed: Error in connection establishment: net::ERR_CONNECTION_REFUSED @ http://localhost:4321/@vite/client:1766
[ 8903056ms] [ERROR] WebSocket connection to 'ws://localhost:4321/' failed: Error in connection establishment: net::ERR_CONNECTION_REFUSED @ http://localhost:4321/@vite/client:1766
[ 8911288ms] [ERROR] WebSocket connection to 'ws://localhost:4321/' failed: Error in connection establishment: net::ERR_CONNECTION_REFUSED @ http://localhost:4321/@vite/client:1766
[ 8919236ms] [ERROR] WebSocket connection to 'ws://localhost:4321/' failed: Error in connection establishment: net::ERR_CONNECTION_REFUSED @ http://localhost:4321/@vite/client:1766
[ 8926415ms] [ERROR] WebSocket connection to 'ws://localhost:4321/' failed: Error in connection establishment: net::ERR_CONNECTION_REFUSED @ http://localhost:4321/@vite/client:1766
[ 8934265ms] [ERROR] WebSocket connection to 'ws://localhost:4321/' failed: Error in connection establishment: net::ERR_CONNECTION_REFUSED @ http://localhost:4321/@vite/client:1766
[ 8940546ms] [ERROR] WebSocket connection to 'ws://localhost:4321/' failed: Error in connection establishment: net::ERR_CONNECTION_REFUSED @ http://localhost:4321/@vite/client:1766
[ 8945777ms] [ERROR] WebSocket connection to 'ws://localhost:4321/' failed: Error in connection establishment: net::ERR_CONNECTION_REFUSED @ http://localhost:4321/@vite/client:1766
[ 8950494ms] [ERROR] WebSocket connection to 'ws://localhost:4321/' failed: Error in connection establishment: net::ERR_CONNECTION_REFUSED @ http://localhost:4321/@vite/client:1766
[ 8955427ms] [ERROR] WebSocket connection to 'ws://localhost:4321/' failed: Error in connection establishment: net::ERR_CONNECTION_REFUSED @ http://localhost:4321/@vite/client:1766
[ 8963741ms] [ERROR] WebSocket connection to 'ws://localhost:4321/' failed: Error in connection establishment: net::ERR_CONNECTION_REFUSED @ http://localhost:4321/@vite/client:1766
[ 8970024ms] [ERROR] WebSocket connection to 'ws://localhost:4321/' failed: Error in connection establishment: net::ERR_CONNECTION_REFUSED @ http://localhost:4321/@vite/client:1766
[ 8976952ms] [ERROR] WebSocket connection to 'ws://localhost:4321/' failed: Error in connection establishment: net::ERR_CONNECTION_REFUSED @ http://localhost:4321/@vite/client:1766
[ 8983266ms] [ERROR] WebSocket connection to 'ws://localhost:4321/' failed: Error in connection establishment: net::ERR_CONNECTION_REFUSED @ http://localhost:4321/@vite/client:1766
[ 8987785ms] [ERROR] WebSocket connection to 'ws://localhost:4321/' failed: Error in connection establishment: net::ERR_CONNECTION_REFUSED @ http://localhost:4321/@vite/client:1766
[ 8996131ms] [ERROR] WebSocket connection to 'ws://localhost:4321/' failed: Error in connection establishment: net::ERR_CONNECTION_REFUSED @ http://localhost:4321/@vite/client:1766
[ 9001099ms] [ERROR] WebSocket connection to 'ws://localhost:4321/' failed: Error in connection establishment: net::ERR_CONNECTION_REFUSED @ http://localhost:4321/@vite/client:1766
[ 9006594ms] [ERROR] WebSocket connection to 'ws://localhost:4321/' failed: Error in connection establishment: net::ERR_CONNECTION_REFUSED @ http://localhost:4321/@vite/client:1766
[ 9014562ms] [ERROR] WebSocket connection to 'ws://localhost:4321/' failed: Error in connection establishment: net::ERR_CONNECTION_REFUSED @ http://localhost:4321/@vite/client:1766
[ 9021678ms] [ERROR] WebSocket connection to 'ws://localhost:4321/' failed: Error in connection establishment: net::ERR_CONNECTION_REFUSED @ http://localhost:4321/@vite/client:1766
[ 9027958ms] [ERROR] WebSocket connection to 'ws://localhost:4321/' failed: Error in connection establishment: net::ERR_CONNECTION_REFUSED @ http://localhost:4321/@vite/client:1766
[ 9032925ms] [ERROR] WebSocket connection to 'ws://localhost:4321/' failed: Error in connection establishment: net::ERR_CONNECTION_REFUSED @ http://localhost:4321/@vite/client:1766
[ 9038306ms] [ERROR] WebSocket connection to 'ws://localhost:4321/' failed: Error in connection establishment: net::ERR_CONNECTION_REFUSED @ http://localhost:4321/@vite/client:1766
[ 9045535ms] [ERROR] WebSocket connection to 'ws://localhost:4321/' failed: Error in connection establishment: net::ERR_CONNECTION_REFUSED @ http://localhost:4321/@vite/client:1766
[ 9050485ms] [ERROR] WebSocket connection to 'ws://localhost:4321/' failed: Error in connection establishment: net::ERR_CONNECTION_REFUSED @ http://localhost:4321/@vite/client:1766
[ 9057592ms] [ERROR] WebSocket connection to 'ws://localhost:4321/' failed: Error in connection establishment: net::ERR_CONNECTION_REFUSED @ http://localhost:4321/@vite/client:1766
[ 9064968ms] [ERROR] WebSocket connection to 'ws://localhost:4321/' failed: Error in connection establishment: net::ERR_CONNECTION_REFUSED @ http://localhost:4321/@vite/client:1766
[ 9072050ms] [ERROR] WebSocket connection to 'ws://localhost:4321/' failed: Error in connection establishment: net::ERR_CONNECTION_REFUSED @ http://localhost:4321/@vite/client:1766
[ 9079882ms] [ERROR] WebSocket connection to 'ws://localhost:4321/' failed: Error in connection establishment: net::ERR_CONNECTION_REFUSED @ http://localhost:4321/@vite/client:1766
[ 9086367ms] [ERROR] WebSocket connection to 'ws://localhost:4321/' failed: Error in connection establishment: net::ERR_CONNECTION_REFUSED @ http://localhost:4321/@vite/client:1766
[ 9092258ms] [ERROR] WebSocket connection to 'ws://localhost:4321/' failed: Error in connection establishment: net::ERR_CONNECTION_REFUSED @ http://localhost:4321/@vite/client:1766
[ 9098214ms] [ERROR] WebSocket connection to 'ws://localhost:4321/' failed: Error in connection establishment: net::ERR_CONNECTION_REFUSED @ http://localhost:4321/@vite/client:1766
[ 9105515ms] [ERROR] WebSocket connection to 'ws://localhost:4321/' failed: Error in connection establishment: net::ERR_CONNECTION_REFUSED @ http://localhost:4321/@vite/client:1766
[ 9110218ms] [ERROR] WebSocket connection to 'ws://localhost:4321/' failed: Error in connection establishment: net::ERR_CONNECTION_REFUSED @ http://localhost:4321/@vite/client:1766
[ 9117494ms] [ERROR] WebSocket connection to 'ws://localhost:4321/' failed: Error in connection establishment: net::ERR_CONNECTION_REFUSED @ http://localhost:4321/@vite/client:1766
[ 9122670ms] [ERROR] WebSocket connection to 'ws://localhost:4321/' failed: Error in connection establishment: net::ERR_CONNECTION_REFUSED @ http://localhost:4321/@vite/client:1766
[ 9129254ms] [ERROR] WebSocket connection to 'ws://localhost:4321/' failed: Error in connection establishment: net::ERR_CONNECTION_REFUSED @ http://localhost:4321/@vite/client:1766
[ 9137386ms] [ERROR] WebSocket connection to 'ws://localhost:4321/' failed: Error in connection establishment: net::ERR_CONNECTION_REFUSED @ http://localhost:4321/@vite/client:1766
[ 9144740ms] [ERROR] WebSocket connection to 'ws://localhost:4321/' failed: Error in connection establishment: net::ERR_CONNECTION_REFUSED @ http://localhost:4321/@vite/client:1766
[ 9149742ms] [ERROR] WebSocket connection to 'ws://localhost:4321/' failed: Error in connection establishment: net::ERR_CONNECTION_REFUSED @ http://localhost:4321/@vite/client:1766
[ 9157654ms] [ERROR] WebSocket connection to 'ws://localhost:4321/' failed: Error in connection establishment: net::ERR_CONNECTION_REFUSED @ http://localhost:4321/@vite/client:1766
[ 9163820ms] [ERROR] WebSocket connection to 'ws://localhost:4321/' failed: Error in connection establishment: net::ERR_CONNECTION_REFUSED @ http://localhost:4321/@vite/client:1766
[ 9169147ms] [ERROR] WebSocket connection to 'ws://localhost:4321/' failed: Error in connection establishment: net::ERR_CONNECTION_REFUSED @ http://localhost:4321/@vite/client:1766
[ 9174510ms] [ERROR] WebSocket connection to 'ws://localhost:4321/' failed: Error in connection establishment: net::ERR_CONNECTION_REFUSED @ http://localhost:4321/@vite/client:1766
[ 9182251ms] [ERROR] WebSocket connection to 'ws://localhost:4321/' failed: Error in connection establishment: net::ERR_CONNECTION_REFUSED @ http://localhost:4321/@vite/client:1766
[ 9189350ms] [ERROR] WebSocket connection to 'ws://localhost:4321/' failed: Error in connection establishment: net::ERR_CONNECTION_REFUSED @ http://localhost:4321/@vite/client:1766
[ 9196562ms] [ERROR] WebSocket connection to 'ws://localhost:4321/' failed: Error in connection establishment: net::ERR_CONNECTION_REFUSED @ http://localhost:4321/@vite/client:1766
[ 9202646ms] [ERROR] WebSocket connection to 'ws://localhost:4321/' failed: Error in connection establishment: net::ERR_CONNECTION_REFUSED @ http://localhost:4321/@vite/client:1766
[ 9210338ms] [ERROR] WebSocket connection to 'ws://localhost:4321/' failed: Error in connection establishment: net::ERR_CONNECTION_REFUSED @ http://localhost:4321/@vite/client:1766
[ 9218373ms] [ERROR] WebSocket connection to 'ws://localhost:4321/' failed: Error in connection establishment: net::ERR_CONNECTION_REFUSED @ http://localhost:4321/@vite/client:1766
[ 9223898ms] [ERROR] WebSocket connection to 'ws://localhost:4321/' failed: Error in connection establishment: net::ERR_CONNECTION_REFUSED @ http://localhost:4321/@vite/client:1766
[ 9228750ms] [ERROR] WebSocket connection to 'ws://localhost:4321/' failed: Error in connection establishment: net::ERR_CONNECTION_REFUSED @ http://localhost:4321/@vite/client:1766
[ 9236421ms] [ERROR] WebSocket connection to 'ws://localhost:4321/' failed: Error in connection establishment: net::ERR_CONNECTION_REFUSED @ http://localhost:4321/@vite/client:1766
[ 9243717ms] [ERROR] WebSocket connection to 'ws://localhost:4321/' failed: Error in connection establishment: net::ERR_CONNECTION_REFUSED @ http://localhost:4321/@vite/client:1766
[ 9249265ms] [ERROR] WebSocket connection to 'ws://localhost:4321/' failed: Error in connection establishment: net::ERR_CONNECTION_REFUSED @ http://localhost:4321/@vite/client:1766
[ 9255424ms] [ERROR] WebSocket connection to 'ws://localhost:4321/' failed: Error in connection establishment: net::ERR_CONNECTION_REFUSED @ http://localhost:4321/@vite/client:1766
[ 9260954ms] [ERROR] WebSocket connection to 'ws://localhost:4321/' failed: Error in connection establishment: net::ERR_CONNECTION_REFUSED @ http://localhost:4321/@vite/client:1766
[ 9267165ms] [ERROR] WebSocket connection to 'ws://localhost:4321/' failed: Error in connection establishment: net::ERR_CONNECTION_REFUSED @ http://localhost:4321/@vite/client:1766
[ 9275249ms] [ERROR] WebSocket connection to 'ws://localhost:4321/' failed: Error in connection establishment: net::ERR_CONNECTION_REFUSED @ http://localhost:4321/@vite/client:1766
[ 9282796ms] [ERROR] WebSocket connection to 'ws://localhost:4321/' failed: Error in connection establishment: net::ERR_CONNECTION_REFUSED @ http://localhost:4321/@vite/client:1766
[ 9289442ms] [ERROR] WebSocket connection to 'ws://localhost:4321/' failed: Error in connection establishment: net::ERR_CONNECTION_REFUSED @ http://localhost:4321/@vite/client:1766
[ 9297429ms] [ERROR] WebSocket connection to 'ws://localhost:4321/' failed: Error in connection establishment: net::ERR_CONNECTION_REFUSED @ http://localhost:4321/@vite/client:1766
[ 9303464ms] [ERROR] WebSocket connection to 'ws://localhost:4321/' failed: Error in connection establishment: net::ERR_CONNECTION_REFUSED @ http://localhost:4321/@vite/client:1766
[ 9308760ms] [ERROR] WebSocket connection to 'ws://localhost:4321/' failed: Error in connection establishment: net::ERR_CONNECTION_REFUSED @ http://localhost:4321/@vite/client:1766
[ 9316174ms] [ERROR] WebSocket connection to 'ws://localhost:4321/' failed: Error in connection establishment: net::ERR_CONNECTION_REFUSED @ http://localhost:4321/@vite/client:1766
[ 9320913ms] [ERROR] WebSocket connection to 'ws://localhost:4321/' failed: Error in connection establishment: net::ERR_CONNECTION_REFUSED @ http://localhost:4321/@vite/client:1766
[ 9325617ms] [ERROR] WebSocket connection to 'ws://localhost:4321/' failed: Error in connection establishment: net::ERR_CONNECTION_REFUSED @ http://localhost:4321/@vite/client:1766
[ 9331198ms] [ERROR] WebSocket connection to 'ws://localhost:4321/' failed: Error in connection establishment: net::ERR_CONNECTION_REFUSED @ http://localhost:4321/@vite/client:1766
[ 9337943ms] [ERROR] WebSocket connection to 'ws://localhost:4321/' failed: Error in connection establishment: net::ERR_CONNECTION_REFUSED @ http://localhost:4321/@vite/client:1766
[ 9344887ms] [ERROR] WebSocket connection to 'ws://localhost:4321/' failed: Error in connection establishment: net::ERR_CONNECTION_REFUSED @ http://localhost:4321/@vite/client:1766
[ 9351767ms] [ERROR] WebSocket connection to 'ws://localhost:4321/' failed: Error in connection establishment: net::ERR_CONNECTION_REFUSED @ http://localhost:4321/@vite/client:1766
[ 9358152ms] [ERROR] WebSocket connection to 'ws://localhost:4321/' failed: Error in connection establishment: net::ERR_CONNECTION_REFUSED @ http://localhost:4321/@vite/client:1766
[ 9365309ms] [ERROR] WebSocket connection to 'ws://localhost:4321/' failed: Error in connection establishment: net::ERR_CONNECTION_REFUSED @ http://localhost:4321/@vite/client:1766
[ 9373294ms] [ERROR] WebSocket connection to 'ws://localhost:4321/' failed: Error in connection establishment: net::ERR_CONNECTION_REFUSED @ http://localhost:4321/@vite/client:1766
[ 9377857ms] [ERROR] WebSocket connection to 'ws://localhost:4321/' failed: Error in connection establishment: net::ERR_CONNECTION_REFUSED @ http://localhost:4321/@vite/client:1766
[ 9382930ms] [ERROR] WebSocket connection to 'ws://localhost:4321/' failed: Error in connection establishment: net::ERR_CONNECTION_REFUSED @ http://localhost:4321/@vite/client:1766
[ 9387301ms] [ERROR] WebSocket connection to 'ws://localhost:4321/' failed: Error in connection establishment: net::ERR_CONNECTION_REFUSED @ http://localhost:4321/@vite/client:1766
[ 9394056ms] [ERROR] WebSocket connection to 'ws://localhost:4321/' failed: Error in connection establishment: net::ERR_CONNECTION_REFUSED @ http://localhost:4321/@vite/client:1766
[ 9398981ms] [ERROR] WebSocket connection to 'ws://localhost:4321/' failed: Error in connection establishment: net::ERR_CONNECTION_REFUSED @ http://localhost:4321/@vite/client:1766
[ 9404657ms] [ERROR] WebSocket connection to 'ws://localhost:4321/' failed: Error in connection establishment: net::ERR_CONNECTION_REFUSED @ http://localhost:4321/@vite/client:1766
[ 9412323ms] [ERROR] WebSocket connection to 'ws://localhost:4321/' failed: Error in connection establishment: net::ERR_CONNECTION_REFUSED @ http://localhost:4321/@vite/client:1766
[ 9420067ms] [ERROR] WebSocket connection to 'ws://localhost:4321/' failed: Error in connection establishment: net::ERR_CONNECTION_REFUSED @ http://localhost:4321/@vite/client:1766
[ 9426364ms] [ERROR] WebSocket connection to 'ws://localhost:4321/' failed: Error in connection establishment: net::ERR_CONNECTION_REFUSED @ http://localhost:4321/@vite/client:1766
[ 9430889ms] [ERROR] WebSocket connection to 'ws://localhost:4321/' failed: Error in connection establishment: net::ERR_CONNECTION_REFUSED @ http://localhost:4321/@vite/client:1766
[ 9436388ms] [ERROR] WebSocket connection to 'ws://localhost:4321/' failed: Error in connection establishment: net::ERR_CONNECTION_REFUSED @ http://localhost:4321/@vite/client:1766
[ 9442310ms] [ERROR] WebSocket connection to 'ws://localhost:4321/' failed: Error in connection establishment: net::ERR_CONNECTION_REFUSED @ http://localhost:4321/@vite/client:1766
[ 9447684ms] [ERROR] WebSocket connection to 'ws://localhost:4321/' failed: Error in connection establishment: net::ERR_CONNECTION_REFUSED @ http://localhost:4321/@vite/client:1766
[ 9453207ms] [ERROR] WebSocket connection to 'ws://localhost:4321/' failed: Error in connection establishment: net::ERR_CONNECTION_REFUSED @ http://localhost:4321/@vite/client:1766
[ 9459240ms] [ERROR] WebSocket connection to 'ws://localhost:4321/' failed: Error in connection establishment: net::ERR_CONNECTION_REFUSED @ http://localhost:4321/@vite/client:1766
[ 9466830ms] [ERROR] WebSocket connection to 'ws://localhost:4321/' failed: Error in connection establishment: net::ERR_CONNECTION_REFUSED @ http://localhost:4321/@vite/client:1766
[ 9472745ms] [ERROR] WebSocket connection to 'ws://localhost:4321/' failed: Error in connection establishment: net::ERR_CONNECTION_REFUSED @ http://localhost:4321/@vite/client:1766
[ 9479349ms] [ERROR] WebSocket connection to 'ws://localhost:4321/' failed: Error in connection establishment: net::ERR_CONNECTION_REFUSED @ http://localhost:4321/@vite/client:1766
[ 9484981ms] [ERROR] WebSocket connection to 'ws://localhost:4321/' failed: Error in connection establishment: net::ERR_CONNECTION_REFUSED @ http://localhost:4321/@vite/client:1766
[ 9491827ms] [ERROR] WebSocket connection to 'ws://localhost:4321/' failed: Error in connection establishment: net::ERR_CONNECTION_REFUSED @ http://localhost:4321/@vite/client:1766
[ 9496705ms] [ERROR] WebSocket connection to 'ws://localhost:4321/' failed: Error in connection establishment: net::ERR_CONNECTION_REFUSED @ http://localhost:4321/@vite/client:1766
[ 9504614ms] [ERROR] WebSocket connection to 'ws://localhost:4321/' failed: Error in connection establishment: net::ERR_CONNECTION_REFUSED @ http://localhost:4321/@vite/client:1766
[ 9512239ms] [ERROR] WebSocket connection to 'ws://localhost:4321/' failed: Error in connection establishment: net::ERR_CONNECTION_REFUSED @ http://localhost:4321/@vite/client:1766
[ 9519507ms] [ERROR] WebSocket connection to 'ws://localhost:4321/' failed: Error in connection establishment: net::ERR_CONNECTION_REFUSED @ http://localhost:4321/@vite/client:1766
[ 9526422ms] [ERROR] WebSocket connection to 'ws://localhost:4321/' failed: Error in connection establishment: net::ERR_CONNECTION_REFUSED @ http://localhost:4321/@vite/client:1766
[ 9532431ms] [ERROR] WebSocket connection to 'ws://localhost:4321/' failed: Error in connection establishment: net::ERR_CONNECTION_REFUSED @ http://localhost:4321/@vite/client:1766
[ 9537907ms] [ERROR] WebSocket connection to 'ws://localhost:4321/' failed: Error in connection establishment: net::ERR_CONNECTION_REFUSED @ http://localhost:4321/@vite/client:1766
[ 9543209ms] [ERROR] WebSocket connection to 'ws://localhost:4321/' failed: Error in connection establishment: net::ERR_CONNECTION_REFUSED @ http://localhost:4321/@vite/client:1766
[ 9549147ms] [ERROR] WebSocket connection to 'ws://localhost:4321/' failed: Error in connection establishment: net::ERR_CONNECTION_REFUSED @ http://localhost:4321/@vite/client:1766
[ 9557459ms] [ERROR] WebSocket connection to 'ws://localhost:4321/' failed: Error in connection establishment: net::ERR_CONNECTION_REFUSED @ http://localhost:4321/@vite/client:1766
[ 9563373ms] [ERROR] WebSocket connection to 'ws://localhost:4321/' failed: Error in connection establishment: net::ERR_CONNECTION_REFUSED @ http://localhost:4321/@vite/client:1766
[ 9568295ms] [ERROR] WebSocket connection to 'ws://localhost:4321/' failed: Error in connection establishment: net::ERR_CONNECTION_REFUSED @ http://localhost:4321/@vite/client:1766
[ 9575465ms] [ERROR] WebSocket connection to 'ws://localhost:4321/' failed: Error in connection establishment: net::ERR_CONNECTION_REFUSED @ http://localhost:4321/@vite/client:1766
[ 9581722ms] [ERROR] WebSocket connection to 'ws://localhost:4321/' failed: Error in connection establishment: net::ERR_CONNECTION_REFUSED @ http://localhost:4321/@vite/client:1766
[ 9586608ms] [ERROR] WebSocket connection to 'ws://localhost:4321/' failed: Error in connection establishment: net::ERR_CONNECTION_REFUSED @ http://localhost:4321/@vite/client:1766
[ 9591654ms] [ERROR] WebSocket connection to 'ws://localhost:4321/' failed: Error in connection establishment: net::ERR_CONNECTION_REFUSED @ http://localhost:4321/@vite/client:1766
[ 9596358ms] [ERROR] WebSocket connection to 'ws://localhost:4321/' failed: Error in connection establishment: net::ERR_CONNECTION_REFUSED @ http://localhost:4321/@vite/client:1766
[ 9604586ms] [ERROR] WebSocket connection to 'ws://localhost:4321/' failed: Error in connection establishment: net::ERR_CONNECTION_REFUSED @ http://localhost:4321/@vite/client:1766
[ 9610051ms] [ERROR] WebSocket connection to 'ws://localhost:4321/' failed: Error in connection establishment: net::ERR_CONNECTION_REFUSED @ http://localhost:4321/@vite/client:1766
[ 9618266ms] [ERROR] WebSocket connection to 'ws://localhost:4321/' failed: Error in connection establishment: net::ERR_CONNECTION_REFUSED @ http://localhost:4321/@vite/client:1766
[ 9625646ms] [ERROR] WebSocket connection to 'ws://localhost:4321/' failed: Error in connection establishment: net::ERR_CONNECTION_REFUSED @ http://localhost:4321/@vite/client:1766
[ 9632920ms] [ERROR] WebSocket connection to 'ws://localhost:4321/' failed: Error in connection establishment: net::ERR_CONNECTION_REFUSED @ http://localhost:4321/@vite/client:1766
[ 9641264ms] [ERROR] WebSocket connection to 'ws://localhost:4321/' failed: Error in connection establishment: net::ERR_CONNECTION_REFUSED @ http://localhost:4321/@vite/client:1766
[ 9648361ms] [ERROR] WebSocket connection to 'ws://localhost:4321/' failed: Error in connection establishment: net::ERR_CONNECTION_REFUSED @ http://localhost:4321/@vite/client:1766
[ 9655307ms] [ERROR] WebSocket connection to 'ws://localhost:4321/' failed: Error in connection establishment: net::ERR_CONNECTION_REFUSED @ http://localhost:4321/@vite/client:1766
[ 9663040ms] [ERROR] WebSocket connection to 'ws://localhost:4321/' failed: Error in connection establishment: net::ERR_CONNECTION_REFUSED @ http://localhost:4321/@vite/client:1766
[ 9668689ms] [ERROR] WebSocket connection to 'ws://localhost:4321/' failed: Error in connection establishment: net::ERR_CONNECTION_REFUSED @ http://localhost:4321/@vite/client:1766
[ 9674866ms] [ERROR] WebSocket connection to 'ws://localhost:4321/' failed: Error in connection establishment: net::ERR_CONNECTION_REFUSED @ http://localhost:4321/@vite/client:1766
[ 9679601ms] [ERROR] WebSocket connection to 'ws://localhost:4321/' failed: Error in connection establishment: net::ERR_CONNECTION_REFUSED @ http://localhost:4321/@vite/client:1766
[ 9687131ms] [ERROR] WebSocket connection to 'ws://localhost:4321/' failed: Error in connection establishment: net::ERR_CONNECTION_REFUSED @ http://localhost:4321/@vite/client:1766
[ 9692538ms] [ERROR] WebSocket connection to 'ws://localhost:4321/' failed: Error in connection establishment: net::ERR_CONNECTION_REFUSED @ http://localhost:4321/@vite/client:1766
[ 9698145ms] [ERROR] WebSocket connection to 'ws://localhost:4321/' failed: Error in connection establishment: net::ERR_CONNECTION_REFUSED @ http://localhost:4321/@vite/client:1766
[ 9704681ms] [ERROR] WebSocket connection to 'ws://localhost:4321/' failed: Error in connection establishment: net::ERR_CONNECTION_REFUSED @ http://localhost:4321/@vite/client:1766
[ 9712797ms] [ERROR] WebSocket connection to 'ws://localhost:4321/' failed: Error in connection establishment: net::ERR_CONNECTION_REFUSED @ http://localhost:4321/@vite/client:1766
[ 9721014ms] [ERROR] WebSocket connection to 'ws://localhost:4321/' failed: Error in connection establishment: net::ERR_CONNECTION_REFUSED @ http://localhost:4321/@vite/client:1766
[ 9727931ms] [ERROR] WebSocket connection to 'ws://localhost:4321/' failed: Error in connection establishment: net::ERR_CONNECTION_REFUSED @ http://localhost:4321/@vite/client:1766
[ 9733073ms] [ERROR] WebSocket connection to 'ws://localhost:4321/' failed: Error in connection establishment: net::ERR_CONNECTION_REFUSED @ http://localhost:4321/@vite/client:1766
[ 9741278ms] [ERROR] WebSocket connection to 'ws://localhost:4321/' failed: Error in connection establishment: net::ERR_CONNECTION_REFUSED @ http://localhost:4321/@vite/client:1766
[ 9746429ms] [ERROR] WebSocket connection to 'ws://localhost:4321/' failed: Error in connection establishment: net::ERR_CONNECTION_REFUSED @ http://localhost:4321/@vite/client:1766
[ 9751388ms] [ERROR] WebSocket connection to 'ws://localhost:4321/' failed: Error in connection establishment: net::ERR_CONNECTION_REFUSED @ http://localhost:4321/@vite/client:1766
[ 9757442ms] [ERROR] WebSocket connection to 'ws://localhost:4321/' failed: Error in connection establishment: net::ERR_CONNECTION_REFUSED @ http://localhost:4321/@vite/client:1766
[ 9763893ms] [ERROR] WebSocket connection to 'ws://localhost:4321/' failed: Error in connection establishment: net::ERR_CONNECTION_REFUSED @ http://localhost:4321/@vite/client:1766
[ 9772122ms] [ERROR] WebSocket connection to 'ws://localhost:4321/' failed: Error in connection establishment: net::ERR_CONNECTION_REFUSED @ http://localhost:4321/@vite/client:1766
[ 9777928ms] [ERROR] WebSocket connection to 'ws://localhost:4321/' failed: Error in connection establishment: net::ERR_CONNECTION_REFUSED @ http://localhost:4321/@vite/client:1766
[ 9785802ms] [ERROR] WebSocket connection to 'ws://localhost:4321/' failed: Error in connection establishment: net::ERR_CONNECTION_REFUSED @ http://localhost:4321/@vite/client:1766
[ 9792722ms] [ERROR] WebSocket connection to 'ws://localhost:4321/' failed: Error in connection establishment: net::ERR_CONNECTION_REFUSED @ http://localhost:4321/@vite/client:1766
[ 9800144ms] [ERROR] WebSocket connection to 'ws://localhost:4321/' failed: Error in connection establishment: net::ERR_CONNECTION_REFUSED @ http://localhost:4321/@vite/client:1766
[ 9805842ms] [ERROR] WebSocket connection to 'ws://localhost:4321/' failed: Error in connection establishment: net::ERR_CONNECTION_REFUSED @ http://localhost:4321/@vite/client:1766
[ 9811071ms] [ERROR] WebSocket connection to 'ws://localhost:4321/' failed: Error in connection establishment: net::ERR_CONNECTION_REFUSED @ http://localhost:4321/@vite/client:1766
[ 9817256ms] [ERROR] WebSocket connection to 'ws://localhost:4321/' failed: Error in connection establishment: net::ERR_CONNECTION_REFUSED @ http://localhost:4321/@vite/client:1766
[ 9825085ms] [ERROR] WebSocket connection to 'ws://localhost:4321/' failed: Error in connection establishment: net::ERR_CONNECTION_REFUSED @ http://localhost:4321/@vite/client:1766
[ 9829958ms] [ERROR] WebSocket connection to 'ws://localhost:4321/' failed: Error in connection establishment: net::ERR_CONNECTION_REFUSED @ http://localhost:4321/@vite/client:1766
[ 9836877ms] [ERROR] WebSocket connection to 'ws://localhost:4321/' failed: Error in connection establishment: net::ERR_CONNECTION_REFUSED @ http://localhost:4321/@vite/client:1766
[ 9844836ms] [ERROR] WebSocket connection to 'ws://localhost:4321/' failed: Error in connection establishment: net::ERR_CONNECTION_REFUSED @ http://localhost:4321/@vite/client:1766
[ 9852269ms] [ERROR] WebSocket connection to 'ws://localhost:4321/' failed: Error in connection establishment: net::ERR_CONNECTION_REFUSED @ http://localhost:4321/@vite/client:1766
[ 9860457ms] [ERROR] WebSocket connection to 'ws://localhost:4321/' failed: Error in connection establishment: net::ERR_CONNECTION_REFUSED @ http://localhost:4321/@vite/client:1766
[ 9865143ms] [ERROR] WebSocket connection to 'ws://localhost:4321/' failed: Error in connection establishment: net::ERR_CONNECTION_REFUSED @ http://localhost:4321/@vite/client:1766
[ 9872238ms] [ERROR] WebSocket connection to 'ws://localhost:4321/' failed: Error in connection establishment: net::ERR_CONNECTION_REFUSED @ http://localhost:4321/@vite/client:1766
[ 9877730ms] [ERROR] WebSocket connection to 'ws://localhost:4321/' failed: Error in connection establishment: net::ERR_CONNECTION_REFUSED @ http://localhost:4321/@vite/client:1766
[ 9885685ms] [ERROR] WebSocket connection to 'ws://localhost:4321/' failed: Error in connection establishment: net::ERR_CONNECTION_REFUSED @ http://localhost:4321/@vite/client:1766
[ 9890715ms] [ERROR] WebSocket connection to 'ws://localhost:4321/' failed: Error in connection establishment: net::ERR_CONNECTION_REFUSED @ http://localhost:4321/@vite/client:1766
[ 9899028ms] [ERROR] WebSocket connection to 'ws://localhost:4321/' failed: Error in connection establishment: net::ERR_CONNECTION_REFUSED @ http://localhost:4321/@vite/client:1766
[ 9904679ms] [ERROR] WebSocket connection to 'ws://localhost:4321/' failed: Error in connection establishment: net::ERR_CONNECTION_REFUSED @ http://localhost:4321/@vite/client:1766
[ 9911178ms] [ERROR] WebSocket connection to 'ws://localhost:4321/' failed: Error in connection establishment: net::ERR_CONNECTION_REFUSED @ http://localhost:4321/@vite/client:1766
[ 9919027ms] [ERROR] WebSocket connection to 'ws://localhost:4321/' failed: Error in connection establishment: net::ERR_CONNECTION_REFUSED @ http://localhost:4321/@vite/client:1766
[ 9925691ms] [ERROR] WebSocket connection to 'ws://localhost:4321/' failed: Error in connection establishment: net::ERR_CONNECTION_REFUSED @ http://localhost:4321/@vite/client:1766
[ 9933497ms] [ERROR] WebSocket connection to 'ws://localhost:4321/' failed: Error in connection establishment: net::ERR_CONNECTION_REFUSED @ http://localhost:4321/@vite/client:1766
[ 9938519ms] [ERROR] WebSocket connection to 'ws://localhost:4321/' failed: Error in connection establishment: net::ERR_CONNECTION_REFUSED @ http://localhost:4321/@vite/client:1766
[ 9945170ms] [ERROR] WebSocket connection to 'ws://localhost:4321/' failed: Error in connection establishment: net::ERR_CONNECTION_REFUSED @ http://localhost:4321/@vite/client:1766
[ 9949997ms] [ERROR] WebSocket connection to 'ws://localhost:4321/' failed: Error in connection establishment: net::ERR_CONNECTION_REFUSED @ http://localhost:4321/@vite/client:1766
[ 9957982ms] [ERROR] WebSocket connection to 'ws://localhost:4321/' failed: Error in connection establishment: net::ERR_CONNECTION_REFUSED @ http://localhost:4321/@vite/client:1766
[ 9966050ms] [ERROR] WebSocket connection to 'ws://localhost:4321/' failed: Error in connection establishment: net::ERR_CONNECTION_REFUSED @ http://localhost:4321/@vite/client:1766
[ 9972309ms] [ERROR] WebSocket connection to 'ws://localhost:4321/' failed: Error in connection establishment: net::ERR_CONNECTION_REFUSED @ http://localhost:4321/@vite/client:1766
[ 9979379ms] [ERROR] WebSocket connection to 'ws://localhost:4321/' failed: Error in connection establishment: net::ERR_CONNECTION_REFUSED @ http://localhost:4321/@vite/client:1766
[ 9984361ms] [ERROR] WebSocket connection to 'ws://localhost:4321/' failed: Error in connection establishment: net::ERR_CONNECTION_REFUSED @ http://localhost:4321/@vite/client:1766
[ 9990826ms] [ERROR] WebSocket connection to 'ws://localhost:4321/' failed: Error in connection establishment: net::ERR_CONNECTION_REFUSED @ http://localhost:4321/@vite/client:1766
[ 9998969ms] [ERROR] WebSocket connection to 'ws://localhost:4321/' failed: Error in connection establishment: net::ERR_CONNECTION_REFUSED @ http://localhost:4321/@vite/client:1766
[10006589ms] [ERROR] WebSocket connection to 'ws://localhost:4321/' failed: Error in connection establishment: net::ERR_CONNECTION_REFUSED @ http://localhost:4321/@vite/client:1766
[10012088ms] [ERROR] WebSocket connection to 'ws://localhost:4321/' failed: Error in connection establishment: net::ERR_CONNECTION_REFUSED @ http://localhost:4321/@vite/client:1766
[10019251ms] [ERROR] WebSocket connection to 'ws://localhost:4321/' failed: Error in connection establishment: net::ERR_CONNECTION_REFUSED @ http://localhost:4321/@vite/client:1766
[10026067ms] [ERROR] WebSocket connection to 'ws://localhost:4321/' failed: Error in connection establishment: net::ERR_CONNECTION_REFUSED @ http://localhost:4321/@vite/client:1766
[10033332ms] [ERROR] WebSocket connection to 'ws://localhost:4321/' failed: Error in connection establishment: net::ERR_CONNECTION_REFUSED @ http://localhost:4321/@vite/client:1766
[10038278ms] [ERROR] WebSocket connection to 'ws://localhost:4321/' failed: Error in connection establishment: net::ERR_CONNECTION_REFUSED @ http://localhost:4321/@vite/client:1766
[10042980ms] [ERROR] WebSocket connection to 'ws://localhost:4321/' failed: Error in connection establishment: net::ERR_CONNECTION_REFUSED @ http://localhost:4321/@vite/client:1766
[10049044ms] [ERROR] WebSocket connection to 'ws://localhost:4321/' failed: Error in connection establishment: net::ERR_CONNECTION_REFUSED @ http://localhost:4321/@vite/client:1766
[10054293ms] [ERROR] WebSocket connection to 'ws://localhost:4321/' failed: Error in connection establishment: net::ERR_CONNECTION_REFUSED @ http://localhost:4321/@vite/client:1766
[10060735ms] [ERROR] WebSocket connection to 'ws://localhost:4321/' failed: Error in connection establishment: net::ERR_CONNECTION_REFUSED @ http://localhost:4321/@vite/client:1766
[10068702ms] [ERROR] WebSocket connection to 'ws://localhost:4321/' failed: Error in connection establishment: net::ERR_CONNECTION_REFUSED @ http://localhost:4321/@vite/client:1766
[10075955ms] [ERROR] WebSocket connection to 'ws://localhost:4321/' failed: Error in connection establishment: net::ERR_CONNECTION_REFUSED @ http://localhost:4321/@vite/client:1766
[10083236ms] [ERROR] WebSocket connection to 'ws://localhost:4321/' failed: Error in connection establishment: net::ERR_CONNECTION_REFUSED @ http://localhost:4321/@vite/client:1766
[10091468ms] [ERROR] WebSocket connection to 'ws://localhost:4321/' failed: Error in connection establishment: net::ERR_CONNECTION_REFUSED @ http://localhost:4321/@vite/client:1766
[10097947ms] [ERROR] WebSocket connection to 'ws://localhost:4321/' failed: Error in connection establishment: net::ERR_CONNECTION_REFUSED @ http://localhost:4321/@vite/client:1766
[10102348ms] [ERROR] WebSocket connection to 'ws://localhost:4321/' failed: Error in connection establishment: net::ERR_CONNECTION_REFUSED @ http://localhost:4321/@vite/client:1766
[10107998ms] [ERROR] WebSocket connection to 'ws://localhost:4321/' failed: Error in connection establishment: net::ERR_CONNECTION_REFUSED @ http://localhost:4321/@vite/client:1766
[10112863ms] [ERROR] WebSocket connection to 'ws://localhost:4321/' failed: Error in connection establishment: net::ERR_CONNECTION_REFUSED @ http://localhost:4321/@vite/client:1766
[10117778ms] [ERROR] WebSocket connection to 'ws://localhost:4321/' failed: Error in connection establishment: net::ERR_CONNECTION_REFUSED @ http://localhost:4321/@vite/client:1766
[10125158ms] [ERROR] WebSocket connection to 'ws://localhost:4321/' failed: Error in connection establishment: net::ERR_CONNECTION_REFUSED @ http://localhost:4321/@vite/client:1766
[10131791ms] [ERROR] WebSocket connection to 'ws://localhost:4321/' failed: Error in connection establishment: net::ERR_CONNECTION_REFUSED @ http://localhost:4321/@vite/client:1766
[10137556ms] [ERROR] WebSocket connection to 'ws://localhost:4321/' failed: Error in connection establishment: net::ERR_CONNECTION_REFUSED @ http://localhost:4321/@vite/client:1766
[10144023ms] [ERROR] WebSocket connection to 'ws://localhost:4321/' failed: Error in connection establishment: net::ERR_CONNECTION_REFUSED @ http://localhost:4321/@vite/client:1766
[10149054ms] [ERROR] WebSocket connection to 'ws://localhost:4321/' failed: Error in connection establishment: net::ERR_CONNECTION_REFUSED @ http://localhost:4321/@vite/client:1766
[10153820ms] [ERROR] WebSocket connection to 'ws://localhost:4321/' failed: Error in connection establishment: net::ERR_CONNECTION_REFUSED @ http://localhost:4321/@vite/client:1766
[10158333ms] [ERROR] WebSocket connection to 'ws://localhost:4321/' failed: Error in connection establishment: net::ERR_CONNECTION_REFUSED @ http://localhost:4321/@vite/client:1766
[10165833ms] [ERROR] WebSocket connection to 'ws://localhost:4321/' failed: Error in connection establishment: net::ERR_CONNECTION_REFUSED @ http://localhost:4321/@vite/client:1766
[10173614ms] [ERROR] WebSocket connection to 'ws://localhost:4321/' failed: Error in connection establishment: net::ERR_CONNECTION_REFUSED @ http://localhost:4321/@vite/client:1766
[10181113ms] [ERROR] WebSocket connection to 'ws://localhost:4321/' failed: Error in connection establishment: net::ERR_CONNECTION_REFUSED @ http://localhost:4321/@vite/client:1766
[10187594ms] [ERROR] WebSocket connection to 'ws://localhost:4321/' failed: Error in connection establishment: net::ERR_CONNECTION_REFUSED @ http://localhost:4321/@vite/client:1766
[10193640ms] [ERROR] WebSocket connection to 'ws://localhost:4321/' failed: Error in connection establishment: net::ERR_CONNECTION_REFUSED @ http://localhost:4321/@vite/client:1766
[10198341ms] [ERROR] WebSocket connection to 'ws://localhost:4321/' failed: Error in connection establishment: net::ERR_CONNECTION_REFUSED @ http://localhost:4321/@vite/client:1766
[10206674ms] [ERROR] WebSocket connection to 'ws://localhost:4321/' failed: Error in connection establishment: net::ERR_CONNECTION_REFUSED @ http://localhost:4321/@vite/client:1766
[10212804ms] [ERROR] WebSocket connection to 'ws://localhost:4321/' failed: Error in connection establishment: net::ERR_CONNECTION_REFUSED @ http://localhost:4321/@vite/client:1766
[10218869ms] [ERROR] WebSocket connection to 'ws://localhost:4321/' failed: Error in connection establishment: net::ERR_CONNECTION_REFUSED @ http://localhost:4321/@vite/client:1766
[10222201ms] [ERROR] WebSocket connection to 'ws://localhost:4321/' failed: Error in connection establishment: net::ERR_CONNECTION_REFUSED @ http://localhost:4321/@vite/client:1766
[10225535ms] [ERROR] WebSocket connection to 'ws://localhost:4321/' failed: Error in connection establishment: net::ERR_CONNECTION_REFUSED @ http://localhost:4321/@vite/client:1766
[10228882ms] [ERROR] WebSocket connection to 'ws://localhost:4321/' failed: Error in connection establishment: net::ERR_CONNECTION_REFUSED @ http://localhost:4321/@vite/client:1766
[10232233ms] [ERROR] WebSocket connection to 'ws://localhost:4321/' failed: Error in connection establishment: net::ERR_CONNECTION_REFUSED @ http://localhost:4321/@vite/client:1766
[10235566ms] [ERROR] WebSocket connection to 'ws://localhost:4321/' failed: Error in connection establishment: net::ERR_CONNECTION_REFUSED @ http://localhost:4321/@vite/client:1766
[10238915ms] [ERROR] WebSocket connection to 'ws://localhost:4321/' failed: Error in connection establishment: net::ERR_CONNECTION_REFUSED @ http://localhost:4321/@vite/client:1766
[10242248ms] [ERROR] WebSocket connection to 'ws://localhost:4321/' failed: Error in connection establishment: net::ERR_CONNECTION_REFUSED @ http://localhost:4321/@vite/client:1766
[10245597ms] [ERROR] WebSocket connection to 'ws://localhost:4321/' failed: Error in connection establishment: net::ERR_CONNECTION_REFUSED @ http://localhost:4321/@vite/client:1766
[10248946ms] [ERROR] WebSocket connection to 'ws://localhost:4321/' failed: Error in connection establishment: net::ERR_CONNECTION_REFUSED @ http://localhost:4321/@vite/client:1766
[10252310ms] [ERROR] WebSocket connection to 'ws://localhost:4321/' failed: Error in connection establishment: net::ERR_CONNECTION_REFUSED @ http://localhost:4321/@vite/client:1766
[10255693ms] [ERROR] WebSocket connection to 'ws://localhost:4321/' failed: Error in connection establishment: net::ERR_CONNECTION_REFUSED @ http://localhost:4321/@vite/client:1766
[10259060ms] [ERROR] WebSocket connection to 'ws://localhost:4321/' failed: Error in connection establishment: net::ERR_CONNECTION_REFUSED @ http://localhost:4321/@vite/client:1766
[10262476ms] [ERROR] WebSocket connection to 'ws://localhost:4321/' failed: Error in connection establishment: net::ERR_CONNECTION_REFUSED @ http://localhost:4321/@vite/client:1766
[10265957ms] [ERROR] WebSocket connection to 'ws://localhost:4321/' failed: Error in connection establishment: net::ERR_CONNECTION_REFUSED @ http://localhost:4321/@vite/client:1766
[10270372ms] [ERROR] WebSocket connection to 'ws://localhost:4321/' failed: Error in connection establishment: net::ERR_CONNECTION_REFUSED @ http://localhost:4321/@vite/client:1766
[10276156ms] [ERROR] WebSocket connection to 'ws://localhost:4321/' failed: Error in connection establishment: net::ERR_CONNECTION_REFUSED @ http://localhost:4321/@vite/client:1766
[10283018ms] [ERROR] WebSocket connection to 'ws://localhost:4321/' failed: Error in connection establishment: net::ERR_CONNECTION_REFUSED @ http://localhost:4321/@vite/client:1766
[10289753ms] [ERROR] WebSocket connection to 'ws://localhost:4321/' failed: Error in connection establishment: net::ERR_CONNECTION_REFUSED @ http://localhost:4321/@vite/client:1766
[10295652ms] [ERROR] WebSocket connection to 'ws://localhost:4321/' failed: Error in connection establishment: net::ERR_CONNECTION_REFUSED @ http://localhost:4321/@vite/client:1766
[10302698ms] [ERROR] WebSocket connection to 'ws://localhost:4321/' failed: Error in connection establishment: net::ERR_CONNECTION_REFUSED @ http://localhost:4321/@vite/client:1766
[10308548ms] [ERROR] WebSocket connection to 'ws://localhost:4321/' failed: Error in connection establishment: net::ERR_CONNECTION_REFUSED @ http://localhost:4321/@vite/client:1766
[10315462ms] [ERROR] WebSocket connection to 'ws://localhost:4321/' failed: Error in connection establishment: net::ERR_CONNECTION_REFUSED @ http://localhost:4321/@vite/client:1766
[10319896ms] [ERROR] WebSocket connection to 'ws://localhost:4321/' failed: Error in connection establishment: net::ERR_CONNECTION_REFUSED @ http://localhost:4321/@vite/client:1766
[10324674ms] [ERROR] WebSocket connection to 'ws://localhost:4321/' failed: Error in connection establishment: net::ERR_CONNECTION_REFUSED @ http://localhost:4321/@vite/client:1766
[10329877ms] [ERROR] WebSocket connection to 'ws://localhost:4321/' failed: Error in connection establishment: net::ERR_CONNECTION_REFUSED @ http://localhost:4321/@vite/client:1766
[10336773ms] [ERROR] WebSocket connection to 'ws://localhost:4321/' failed: Error in connection establishment: net::ERR_CONNECTION_REFUSED @ http://localhost:4321/@vite/client:1766
[10344221ms] [ERROR] WebSocket connection to 'ws://localhost:4321/' failed: Error in connection establishment: net::ERR_CONNECTION_REFUSED @ http://localhost:4321/@vite/client:1766
[10351185ms] [ERROR] WebSocket connection to 'ws://localhost:4321/' failed: Error in connection establishment: net::ERR_CONNECTION_REFUSED @ http://localhost:4321/@vite/client:1766
[10358219ms] [ERROR] WebSocket connection to 'ws://localhost:4321/' failed: Error in connection establishment: net::ERR_CONNECTION_REFUSED @ http://localhost:4321/@vite/client:1766
[10362851ms] [ERROR] WebSocket connection to 'ws://localhost:4321/' failed: Error in connection establishment: net::ERR_CONNECTION_REFUSED @ http://localhost:4321/@vite/client:1766
[10369698ms] [ERROR] WebSocket connection to 'ws://localhost:4321/' failed: Error in connection establishment: net::ERR_CONNECTION_REFUSED @ http://localhost:4321/@vite/client:1766
[10377046ms] [ERROR] WebSocket connection to 'ws://localhost:4321/' failed: Error in connection establishment: net::ERR_CONNECTION_REFUSED @ http://localhost:4321/@vite/client:1766
[10384111ms] [ERROR] WebSocket connection to 'ws://localhost:4321/' failed: Error in connection establishment: net::ERR_CONNECTION_REFUSED @ http://localhost:4321/@vite/client:1766
[10390644ms] [ERROR] WebSocket connection to 'ws://localhost:4321/' failed: Error in connection establishment: net::ERR_CONNECTION_REFUSED @ http://localhost:4321/@vite/client:1766
[10398543ms] [ERROR] WebSocket connection to 'ws://localhost:4321/' failed: Error in connection establishment: net::ERR_CONNECTION_REFUSED @ http://localhost:4321/@vite/client:1766
[10403007ms] [ERROR] WebSocket connection to 'ws://localhost:4321/' failed: Error in connection establishment: net::ERR_CONNECTION_REFUSED @ http://localhost:4321/@vite/client:1766
[10410024ms] [ERROR] WebSocket connection to 'ws://localhost:4321/' failed: Error in connection establishment: net::ERR_CONNECTION_REFUSED @ http://localhost:4321/@vite/client:1766
[10414938ms] [ERROR] WebSocket connection to 'ws://localhost:4321/' failed: Error in connection establishment: net::ERR_CONNECTION_REFUSED @ http://localhost:4321/@vite/client:1766
[10423037ms] [ERROR] WebSocket connection to 'ws://localhost:4321/' failed: Error in connection establishment: net::ERR_CONNECTION_REFUSED @ http://localhost:4321/@vite/client:1766
[10427867ms] [ERROR] WebSocket connection to 'ws://localhost:4321/' failed: Error in connection establishment: net::ERR_CONNECTION_REFUSED @ http://localhost:4321/@vite/client:1766
[10432368ms] [ERROR] WebSocket connection to 'ws://localhost:4321/' failed: Error in connection establishment: net::ERR_CONNECTION_REFUSED @ http://localhost:4321/@vite/client:1766
[10440682ms] [ERROR] WebSocket connection to 'ws://localhost:4321/' failed: Error in connection establishment: net::ERR_CONNECTION_REFUSED @ http://localhost:4321/@vite/client:1766
[10448747ms] [ERROR] WebSocket connection to 'ws://localhost:4321/' failed: Error in connection establishment: net::ERR_CONNECTION_REFUSED @ http://localhost:4321/@vite/client:1766
[10454726ms] [ERROR] WebSocket connection to 'ws://localhost:4321/' failed: Error in connection establishment: net::ERR_CONNECTION_REFUSED @ http://localhost:4321/@vite/client:1766
[10462128ms] [ERROR] WebSocket connection to 'ws://localhost:4321/' failed: Error in connection establishment: net::ERR_CONNECTION_REFUSED @ http://localhost:4321/@vite/client:1766
[10468608ms] [ERROR] WebSocket connection to 'ws://localhost:4321/' failed: Error in connection establishment: net::ERR_CONNECTION_REFUSED @ http://localhost:4321/@vite/client:1766
[10475124ms] [ERROR] WebSocket connection to 'ws://localhost:4321/' failed: Error in connection establishment: net::ERR_CONNECTION_REFUSED @ http://localhost:4321/@vite/client:1766
[10483206ms] [ERROR] WebSocket connection to 'ws://localhost:4321/' failed: Error in connection establishment: net::ERR_CONNECTION_REFUSED @ http://localhost:4321/@vite/client:1766
[10490220ms] [ERROR] WebSocket connection to 'ws://localhost:4321/' failed: Error in connection establishment: net::ERR_CONNECTION_REFUSED @ http://localhost:4321/@vite/client:1766
[10496251ms] [ERROR] WebSocket connection to 'ws://localhost:4321/' failed: Error in connection establishment: net::ERR_CONNECTION_REFUSED @ http://localhost:4321/@vite/client:1766
[10503717ms] [ERROR] WebSocket connection to 'ws://localhost:4321/' failed: Error in connection establishment: net::ERR_CONNECTION_REFUSED @ http://localhost:4321/@vite/client:1766
[10511848ms] [ERROR] WebSocket connection to 'ws://localhost:4321/' failed: Error in connection establishment: net::ERR_CONNECTION_REFUSED @ http://localhost:4321/@vite/client:1766
[10518696ms] [ERROR] WebSocket connection to 'ws://localhost:4321/' failed: Error in connection establishment: net::ERR_CONNECTION_REFUSED @ http://localhost:4321/@vite/client:1766
[10526995ms] [ERROR] WebSocket connection to 'ws://localhost:4321/' failed: Error in connection establishment: net::ERR_CONNECTION_REFUSED @ http://localhost:4321/@vite/client:1766
[10532008ms] [ERROR] WebSocket connection to 'ws://localhost:4321/' failed: Error in connection establishment: net::ERR_CONNECTION_REFUSED @ http://localhost:4321/@vite/client:1766
[10538791ms] [ERROR] WebSocket connection to 'ws://localhost:4321/' failed: Error in connection establishment: net::ERR_CONNECTION_REFUSED @ http://localhost:4321/@vite/client:1766
[10543607ms] [ERROR] WebSocket connection to 'ws://localhost:4321/' failed: Error in connection establishment: net::ERR_CONNECTION_REFUSED @ http://localhost:4321/@vite/client:1766
[10550989ms] [ERROR] WebSocket connection to 'ws://localhost:4321/' failed: Error in connection establishment: net::ERR_CONNECTION_REFUSED @ http://localhost:4321/@vite/client:1766
[10557202ms] [ERROR] WebSocket connection to 'ws://localhost:4321/' failed: Error in connection establishment: net::ERR_CONNECTION_REFUSED @ http://localhost:4321/@vite/client:1766
[10563353ms] [ERROR] WebSocket connection to 'ws://localhost:4321/' failed: Error in connection establishment: net::ERR_CONNECTION_REFUSED @ http://localhost:4321/@vite/client:1766
[10568818ms] [ERROR] WebSocket connection to 'ws://localhost:4321/' failed: Error in connection establishment: net::ERR_CONNECTION_REFUSED @ http://localhost:4321/@vite/client:1766
[10576017ms] [ERROR] WebSocket connection to 'ws://localhost:4321/' failed: Error in connection establishment: net::ERR_CONNECTION_REFUSED @ http://localhost:4321/@vite/client:1766
[10581449ms] [ERROR] WebSocket connection to 'ws://localhost:4321/' failed: Error in connection establishment: net::ERR_CONNECTION_REFUSED @ http://localhost:4321/@vite/client:1766
[10587446ms] [ERROR] WebSocket connection to 'ws://localhost:4321/' failed: Error in connection establishment: net::ERR_CONNECTION_REFUSED @ http://localhost:4321/@vite/client:1766
[10595292ms] [ERROR] WebSocket connection to 'ws://localhost:4321/' failed: Error in connection establishment: net::ERR_CONNECTION_REFUSED @ http://localhost:4321/@vite/client:1766
[10601993ms] [ERROR] WebSocket connection to 'ws://localhost:4321/' failed: Error in connection establishment: net::ERR_CONNECTION_REFUSED @ http://localhost:4321/@vite/client:1766
[10608957ms] [ERROR] WebSocket connection to 'ws://localhost:4321/' failed: Error in connection establishment: net::ERR_CONNECTION_REFUSED @ http://localhost:4321/@vite/client:1766
[10616072ms] [ERROR] WebSocket connection to 'ws://localhost:4321/' failed: Error in connection establishment: net::ERR_CONNECTION_REFUSED @ http://localhost:4321/@vite/client:1766
[10623237ms] [ERROR] WebSocket connection to 'ws://localhost:4321/' failed: Error in connection establishment: net::ERR_CONNECTION_REFUSED @ http://localhost:4321/@vite/client:1766
[10631087ms] [ERROR] WebSocket connection to 'ws://localhost:4321/' failed: Error in connection establishment: net::ERR_CONNECTION_REFUSED @ http://localhost:4321/@vite/client:1766
[10635718ms] [ERROR] WebSocket connection to 'ws://localhost:4321/' failed: Error in connection establishment: net::ERR_CONNECTION_REFUSED @ http://localhost:4321/@vite/client:1766
[10642950ms] [ERROR] WebSocket connection to 'ws://localhost:4321/' failed: Error in connection establishment: net::ERR_CONNECTION_REFUSED @ http://localhost:4321/@vite/client:1766
[10650981ms] [ERROR] WebSocket connection to 'ws://localhost:4321/' failed: Error in connection establishment: net::ERR_CONNECTION_REFUSED @ http://localhost:4321/@vite/client:1766
[10658380ms] [ERROR] WebSocket connection to 'ws://localhost:4321/' failed: Error in connection establishment: net::ERR_CONNECTION_REFUSED @ http://localhost:4321/@vite/client:1766
[10664828ms] [ERROR] WebSocket connection to 'ws://localhost:4321/' failed: Error in connection establishment: net::ERR_CONNECTION_REFUSED @ http://localhost:4321/@vite/client:1766
[10671678ms] [ERROR] WebSocket connection to 'ws://localhost:4321/' failed: Error in connection establishment: net::ERR_CONNECTION_REFUSED @ http://localhost:4321/@vite/client:1766
[10676398ms] [ERROR] WebSocket connection to 'ws://localhost:4321/' failed: Error in connection establishment: net::ERR_CONNECTION_REFUSED @ http://localhost:4321/@vite/client:1766
[10684309ms] [ERROR] WebSocket connection to 'ws://localhost:4321/' failed: Error in connection establishment: net::ERR_CONNECTION_REFUSED @ http://localhost:4321/@vite/client:1766
[10690652ms] [ERROR] WebSocket connection to 'ws://localhost:4321/' failed: Error in connection establishment: net::ERR_CONNECTION_REFUSED @ http://localhost:4321/@vite/client:1766
[10698028ms] [ERROR] WebSocket connection to 'ws://localhost:4321/' failed: Error in connection establishment: net::ERR_CONNECTION_REFUSED @ http://localhost:4321/@vite/client:1766
[10705875ms] [ERROR] WebSocket connection to 'ws://localhost:4321/' failed: Error in connection establishment: net::ERR_CONNECTION_REFUSED @ http://localhost:4321/@vite/client:1766
[10710584ms] [ERROR] WebSocket connection to 'ws://localhost:4321/' failed: Error in connection establishment: net::ERR_CONNECTION_REFUSED @ http://localhost:4321/@vite/client:1766
[10718038ms] [ERROR] WebSocket connection to 'ws://localhost:4321/' failed: Error in connection establishment: net::ERR_CONNECTION_REFUSED @ http://localhost:4321/@vite/client:1766
[10722890ms] [ERROR] WebSocket connection to 'ws://localhost:4321/' failed: Error in connection establishment: net::ERR_CONNECTION_REFUSED @ http://localhost:4321/@vite/client:1766
[10728644ms] [ERROR] WebSocket connection to 'ws://localhost:4321/' failed: Error in connection establishment: net::ERR_CONNECTION_REFUSED @ http://localhost:4321/@vite/client:1766
[10733780ms] [ERROR] WebSocket connection to 'ws://localhost:4321/' failed: Error in connection establishment: net::ERR_CONNECTION_REFUSED @ http://localhost:4321/@vite/client:1766
[10741178ms] [ERROR] WebSocket connection to 'ws://localhost:4321/' failed: Error in connection establishment: net::ERR_CONNECTION_REFUSED @ http://localhost:4321/@vite/client:1766
[10749299ms] [ERROR] WebSocket connection to 'ws://localhost:4321/' failed: Error in connection establishment: net::ERR_CONNECTION_REFUSED @ http://localhost:4321/@vite/client:1766
[10754939ms] [ERROR] WebSocket connection to 'ws://localhost:4321/' failed: Error in connection establishment: net::ERR_CONNECTION_REFUSED @ http://localhost:4321/@vite/client:1766
[10761882ms] [ERROR] WebSocket connection to 'ws://localhost:4321/' failed: Error in connection establishment: net::ERR_CONNECTION_REFUSED @ http://localhost:4321/@vite/client:1766
[10770029ms] [ERROR] WebSocket connection to 'ws://localhost:4321/' failed: Error in connection establishment: net::ERR_CONNECTION_REFUSED @ http://localhost:4321/@vite/client:1766
[10775352ms] [ERROR] WebSocket connection to 'ws://localhost:4321/' failed: Error in connection establishment: net::ERR_CONNECTION_REFUSED @ http://localhost:4321/@vite/client:1766
[10782532ms] [ERROR] WebSocket connection to 'ws://localhost:4321/' failed: Error in connection establishment: net::ERR_CONNECTION_REFUSED @ http://localhost:4321/@vite/client:1766
[10787697ms] [ERROR] WebSocket connection to 'ws://localhost:4321/' failed: Error in connection establishment: net::ERR_CONNECTION_REFUSED @ http://localhost:4321/@vite/client:1766
[10792631ms] [ERROR] WebSocket connection to 'ws://localhost:4321/' failed: Error in connection establishment: net::ERR_CONNECTION_REFUSED @ http://localhost:4321/@vite/client:1766
[10797259ms] [ERROR] WebSocket connection to 'ws://localhost:4321/' failed: Error in connection establishment: net::ERR_CONNECTION_REFUSED @ http://localhost:4321/@vite/client:1766
[10802994ms] [ERROR] WebSocket connection to 'ws://localhost:4321/' failed: Error in connection establishment: net::ERR_CONNECTION_REFUSED @ http://localhost:4321/@vite/client:1766
[10807894ms] [ERROR] WebSocket connection to 'ws://localhost:4321/' failed: Error in connection establishment: net::ERR_CONNECTION_REFUSED @ http://localhost:4321/@vite/client:1766
[10814042ms] [ERROR] WebSocket connection to 'ws://localhost:4321/' failed: Error in connection establishment: net::ERR_CONNECTION_REFUSED @ http://localhost:4321/@vite/client:1766
[10820640ms] [ERROR] WebSocket connection to 'ws://localhost:4321/' failed: Error in connection establishment: net::ERR_CONNECTION_REFUSED @ http://localhost:4321/@vite/client:1766
[10828839ms] [ERROR] WebSocket connection to 'ws://localhost:4321/' failed: Error in connection establishment: net::ERR_CONNECTION_REFUSED @ http://localhost:4321/@vite/client:1766
[10836104ms] [ERROR] WebSocket connection to 'ws://localhost:4321/' failed: Error in connection establishment: net::ERR_CONNECTION_REFUSED @ http://localhost:4321/@vite/client:1766
[10841436ms] [ERROR] WebSocket connection to 'ws://localhost:4321/' failed: Error in connection establishment: net::ERR_CONNECTION_REFUSED @ http://localhost:4321/@vite/client:1766
[10848968ms] [ERROR] WebSocket connection to 'ws://localhost:4321/' failed: Error in connection establishment: net::ERR_CONNECTION_REFUSED @ http://localhost:4321/@vite/client:1766
[10854566ms] [ERROR] WebSocket connection to 'ws://localhost:4321/' failed: Error in connection establishment: net::ERR_CONNECTION_REFUSED @ http://localhost:4321/@vite/client:1766
[10862345ms] [ERROR] WebSocket connection to 'ws://localhost:4321/' failed: Error in connection establishment: net::ERR_CONNECTION_REFUSED @ http://localhost:4321/@vite/client:1766
[10867263ms] [ERROR] WebSocket connection to 'ws://localhost:4321/' failed: Error in connection establishment: net::ERR_CONNECTION_REFUSED @ http://localhost:4321/@vite/client:1766
[10873159ms] [ERROR] WebSocket connection to 'ws://localhost:4321/' failed: Error in connection establishment: net::ERR_CONNECTION_REFUSED @ http://localhost:4321/@vite/client:1766
[10880977ms] [ERROR] WebSocket connection to 'ws://localhost:4321/' failed: Error in connection establishment: net::ERR_CONNECTION_REFUSED @ http://localhost:4321/@vite/client:1766
[10886908ms] [ERROR] WebSocket connection to 'ws://localhost:4321/' failed: Error in connection establishment: net::ERR_CONNECTION_REFUSED @ http://localhost:4321/@vite/client:1766
[10894857ms] [ERROR] WebSocket connection to 'ws://localhost:4321/' failed: Error in connection establishment: net::ERR_CONNECTION_REFUSED @ http://localhost:4321/@vite/client:1766
[10902586ms] [ERROR] WebSocket connection to 'ws://localhost:4321/' failed: Error in connection establishment: net::ERR_CONNECTION_REFUSED @ http://localhost:4321/@vite/client:1766
[10907336ms] [ERROR] WebSocket connection to 'ws://localhost:4321/' failed: Error in connection establishment: net::ERR_CONNECTION_REFUSED @ http://localhost:4321/@vite/client:1766
[10915218ms] [ERROR] WebSocket connection to 'ws://localhost:4321/' failed: Error in connection establishment: net::ERR_CONNECTION_REFUSED @ http://localhost:4321/@vite/client:1766
[10921982ms] [ERROR] WebSocket connection to 'ws://localhost:4321/' failed: Error in connection establishment: net::ERR_CONNECTION_REFUSED @ http://localhost:4321/@vite/client:1766
[10929763ms] [ERROR] WebSocket connection to 'ws://localhost:4321/' failed: Error in connection establishment: net::ERR_CONNECTION_REFUSED @ http://localhost:4321/@vite/client:1766
[10935696ms] [ERROR] WebSocket connection to 'ws://localhost:4321/' failed: Error in connection establishment: net::ERR_CONNECTION_REFUSED @ http://localhost:4321/@vite/client:1766
[10943360ms] [ERROR] WebSocket connection to 'ws://localhost:4321/' failed: Error in connection establishment: net::ERR_CONNECTION_REFUSED @ http://localhost:4321/@vite/client:1766
[10949856ms] [ERROR] WebSocket connection to 'ws://localhost:4321/' failed: Error in connection establishment: net::ERR_CONNECTION_REFUSED @ http://localhost:4321/@vite/client:1766
[10955308ms] [ERROR] WebSocket connection to 'ws://localhost:4321/' failed: Error in connection establishment: net::ERR_CONNECTION_REFUSED @ http://localhost:4321/@vite/client:1766
[10962020ms] [ERROR] WebSocket connection to 'ws://localhost:4321/' failed: Error in connection establishment: net::ERR_CONNECTION_REFUSED @ http://localhost:4321/@vite/client:1766
[10968655ms] [ERROR] WebSocket connection to 'ws://localhost:4321/' failed: Error in connection establishment: net::ERR_CONNECTION_REFUSED @ http://localhost:4321/@vite/client:1766
[10974670ms] [ERROR] WebSocket connection to 'ws://localhost:4321/' failed: Error in connection establishment: net::ERR_CONNECTION_REFUSED @ http://localhost:4321/@vite/client:1766
[10981618ms] [ERROR] WebSocket connection to 'ws://localhost:4321/' failed: Error in connection establishment: net::ERR_CONNECTION_REFUSED @ http://localhost:4321/@vite/client:1766
[10987349ms] [ERROR] WebSocket connection to 'ws://localhost:4321/' failed: Error in connection establishment: net::ERR_CONNECTION_REFUSED @ http://localhost:4321/@vite/client:1766
[10995278ms] [ERROR] WebSocket connection to 'ws://localhost:4321/' failed: Error in connection establishment: net::ERR_CONNECTION_REFUSED @ http://localhost:4321/@vite/client:1766
[11003013ms] [ERROR] WebSocket connection to 'ws://localhost:4321/' failed: Error in connection establishment: net::ERR_CONNECTION_REFUSED @ http://localhost:4321/@vite/client:1766
[11008628ms] [ERROR] WebSocket connection to 'ws://localhost:4321/' failed: Error in connection establishment: net::ERR_CONNECTION_REFUSED @ http://localhost:4321/@vite/client:1766
[11014027ms] [ERROR] WebSocket connection to 'ws://localhost:4321/' failed: Error in connection establishment: net::ERR_CONNECTION_REFUSED @ http://localhost:4321/@vite/client:1766
[11020409ms] [ERROR] WebSocket connection to 'ws://localhost:4321/' failed: Error in connection establishment: net::ERR_CONNECTION_REFUSED @ http://localhost:4321/@vite/client:1766
[11026773ms] [ERROR] WebSocket connection to 'ws://localhost:4321/' failed: Error in connection establishment: net::ERR_CONNECTION_REFUSED @ http://localhost:4321/@vite/client:1766
[11032373ms] [ERROR] WebSocket connection to 'ws://localhost:4321/' failed: Error in connection establishment: net::ERR_CONNECTION_REFUSED @ http://localhost:4321/@vite/client:1766
[11040519ms] [ERROR] WebSocket connection to 'ws://localhost:4321/' failed: Error in connection establishment: net::ERR_CONNECTION_REFUSED @ http://localhost:4321/@vite/client:1766
[11047914ms] [ERROR] WebSocket connection to 'ws://localhost:4321/' failed: Error in connection establishment: net::ERR_CONNECTION_REFUSED @ http://localhost:4321/@vite/client:1766
[11053767ms] [ERROR] WebSocket connection to 'ws://localhost:4321/' failed: Error in connection establishment: net::ERR_CONNECTION_REFUSED @ http://localhost:4321/@vite/client:1766
[11058216ms] [ERROR] WebSocket connection to 'ws://localhost:4321/' failed: Error in connection establishment: net::ERR_CONNECTION_REFUSED @ http://localhost:4321/@vite/client:1766
[11065462ms] [ERROR] WebSocket connection to 'ws://localhost:4321/' failed: Error in connection establishment: net::ERR_CONNECTION_REFUSED @ http://localhost:4321/@vite/client:1766
[11070327ms] [ERROR] WebSocket connection to 'ws://localhost:4321/' failed: Error in connection establishment: net::ERR_CONNECTION_REFUSED @ http://localhost:4321/@vite/client:1766
[11077709ms] [ERROR] WebSocket connection to 'ws://localhost:4321/' failed: Error in connection establishment: net::ERR_CONNECTION_REFUSED @ http://localhost:4321/@vite/client:1766
[11083559ms] [ERROR] WebSocket connection to 'ws://localhost:4321/' failed: Error in connection establishment: net::ERR_CONNECTION_REFUSED @ http://localhost:4321/@vite/client:1766
[11089742ms] [ERROR] WebSocket connection to 'ws://localhost:4321/' failed: Error in connection establishment: net::ERR_CONNECTION_REFUSED @ http://localhost:4321/@vite/client:1766
[11094974ms] [ERROR] WebSocket connection to 'ws://localhost:4321/' failed: Error in connection establishment: net::ERR_CONNECTION_REFUSED @ http://localhost:4321/@vite/client:1766
[11102836ms] [ERROR] WebSocket connection to 'ws://localhost:4321/' failed: Error in connection establishment: net::ERR_CONNECTION_REFUSED @ http://localhost:4321/@vite/client:1766
[11107669ms] [ERROR] WebSocket connection to 'ws://localhost:4321/' failed: Error in connection establishment: net::ERR_CONNECTION_REFUSED @ http://localhost:4321/@vite/client:1766
[11115752ms] [ERROR] WebSocket connection to 'ws://localhost:4321/' failed: Error in connection establishment: net::ERR_CONNECTION_REFUSED @ http://localhost:4321/@vite/client:1766
[11121550ms] [ERROR] WebSocket connection to 'ws://localhost:4321/' failed: Error in connection establishment: net::ERR_CONNECTION_REFUSED @ http://localhost:4321/@vite/client:1766
[11128532ms] [ERROR] WebSocket connection to 'ws://localhost:4321/' failed: Error in connection establishment: net::ERR_CONNECTION_REFUSED @ http://localhost:4321/@vite/client:1766
[11136496ms] [ERROR] WebSocket connection to 'ws://localhost:4321/' failed: Error in connection establishment: net::ERR_CONNECTION_REFUSED @ http://localhost:4321/@vite/client:1766
[11140979ms] [ERROR] WebSocket connection to 'ws://localhost:4321/' failed: Error in connection establishment: net::ERR_CONNECTION_REFUSED @ http://localhost:4321/@vite/client:1766
[11145461ms] [ERROR] WebSocket connection to 'ws://localhost:4321/' failed: Error in connection establishment: net::ERR_CONNECTION_REFUSED @ http://localhost:4321/@vite/client:1766
[11149993ms] [ERROR] WebSocket connection to 'ws://localhost:4321/' failed: Error in connection establishment: net::ERR_CONNECTION_REFUSED @ http://localhost:4321/@vite/client:1766
[11156493ms] [ERROR] WebSocket connection to 'ws://localhost:4321/' failed: Error in connection establishment: net::ERR_CONNECTION_REFUSED @ http://localhost:4321/@vite/client:1766
[11163387ms] [ERROR] WebSocket connection to 'ws://localhost:4321/' failed: Error in connection establishment: net::ERR_CONNECTION_REFUSED @ http://localhost:4321/@vite/client:1766
[11169421ms] [ERROR] WebSocket connection to 'ws://localhost:4321/' failed: Error in connection establishment: net::ERR_CONNECTION_REFUSED @ http://localhost:4321/@vite/client:1766
[11176968ms] [ERROR] WebSocket connection to 'ws://localhost:4321/' failed: Error in connection establishment: net::ERR_CONNECTION_REFUSED @ http://localhost:4321/@vite/client:1766
[11181848ms] [ERROR] WebSocket connection to 'ws://localhost:4321/' failed: Error in connection establishment: net::ERR_CONNECTION_REFUSED @ http://localhost:4321/@vite/client:1766
[11189616ms] [ERROR] WebSocket connection to 'ws://localhost:4321/' failed: Error in connection establishment: net::ERR_CONNECTION_REFUSED @ http://localhost:4321/@vite/client:1766
[11197066ms] [ERROR] WebSocket connection to 'ws://localhost:4321/' failed: Error in connection establishment: net::ERR_CONNECTION_REFUSED @ http://localhost:4321/@vite/client:1766
[11205347ms] [ERROR] WebSocket connection to 'ws://localhost:4321/' failed: Error in connection establishment: net::ERR_CONNECTION_REFUSED @ http://localhost:4321/@vite/client:1766
[11212344ms] [ERROR] WebSocket connection to 'ws://localhost:4321/' failed: Error in connection establishment: net::ERR_CONNECTION_REFUSED @ http://localhost:4321/@vite/client:1766
[11219275ms] [ERROR] WebSocket connection to 'ws://localhost:4321/' failed: Error in connection establishment: net::ERR_CONNECTION_REFUSED @ http://localhost:4321/@vite/client:1766
[11225923ms] [ERROR] WebSocket connection to 'ws://localhost:4321/' failed: Error in connection establishment: net::ERR_CONNECTION_REFUSED @ http://localhost:4321/@vite/client:1766
[11231539ms] [ERROR] WebSocket connection to 'ws://localhost:4321/' failed: Error in connection establishment: net::ERR_CONNECTION_REFUSED @ http://localhost:4321/@vite/client:1766
[11238305ms] [ERROR] WebSocket connection to 'ws://localhost:4321/' failed: Error in connection establishment: net::ERR_CONNECTION_REFUSED @ http://localhost:4321/@vite/client:1766
[11246470ms] [ERROR] WebSocket connection to 'ws://localhost:4321/' failed: Error in connection establishment: net::ERR_CONNECTION_REFUSED @ http://localhost:4321/@vite/client:1766
[11254699ms] [ERROR] WebSocket connection to 'ws://localhost:4321/' failed: Error in connection establishment: net::ERR_CONNECTION_REFUSED @ http://localhost:4321/@vite/client:1766
[11262398ms] [ERROR] WebSocket connection to 'ws://localhost:4321/' failed: Error in connection establishment: net::ERR_CONNECTION_REFUSED @ http://localhost:4321/@vite/client:1766
[11267563ms] [ERROR] WebSocket connection to 'ws://localhost:4321/' failed: Error in connection establishment: net::ERR_CONNECTION_REFUSED @ http://localhost:4321/@vite/client:1766
[11273262ms] [ERROR] WebSocket connection to 'ws://localhost:4321/' failed: Error in connection establishment: net::ERR_CONNECTION_REFUSED @ http://localhost:4321/@vite/client:1766
[11280812ms] [ERROR] WebSocket connection to 'ws://localhost:4321/' failed: Error in connection establishment: net::ERR_CONNECTION_REFUSED @ http://localhost:4321/@vite/client:1766
[11288358ms] [ERROR] WebSocket connection to 'ws://localhost:4321/' failed: Error in connection establishment: net::ERR_CONNECTION_REFUSED @ http://localhost:4321/@vite/client:1766
[11294873ms] [ERROR] WebSocket connection to 'ws://localhost:4321/' failed: Error in connection establishment: net::ERR_CONNECTION_REFUSED @ http://localhost:4321/@vite/client:1766
[11301824ms] [ERROR] WebSocket connection to 'ws://localhost:4321/' failed: Error in connection establishment: net::ERR_CONNECTION_REFUSED @ http://localhost:4321/@vite/client:1766
[11307889ms] [ERROR] WebSocket connection to 'ws://localhost:4321/' failed: Error in connection establishment: net::ERR_CONNECTION_REFUSED @ http://localhost:4321/@vite/client:1766
[11313652ms] [ERROR] WebSocket connection to 'ws://localhost:4321/' failed: Error in connection establishment: net::ERR_CONNECTION_REFUSED @ http://localhost:4321/@vite/client:1766
[11321251ms] [ERROR] WebSocket connection to 'ws://localhost:4321/' failed: Error in connection establishment: net::ERR_CONNECTION_REFUSED @ http://localhost:4321/@vite/client:1766
[11326332ms] [ERROR] WebSocket connection to 'ws://localhost:4321/' failed: Error in connection establishment: net::ERR_CONNECTION_REFUSED @ http://localhost:4321/@vite/client:1766
[11332845ms] [ERROR] WebSocket connection to 'ws://localhost:4321/' failed: Error in connection establishment: net::ERR_CONNECTION_REFUSED @ http://localhost:4321/@vite/client:1766
[11339745ms] [ERROR] WebSocket connection to 'ws://localhost:4321/' failed: Error in connection establishment: net::ERR_CONNECTION_REFUSED @ http://localhost:4321/@vite/client:1766
[11345130ms] [ERROR] WebSocket connection to 'ws://localhost:4321/' failed: Error in connection establishment: net::ERR_CONNECTION_REFUSED @ http://localhost:4321/@vite/client:1766
[11351441ms] [ERROR] WebSocket connection to 'ws://localhost:4321/' failed: Error in connection establishment: net::ERR_CONNECTION_REFUSED @ http://localhost:4321/@vite/client:1766
[11358956ms] [ERROR] WebSocket connection to 'ws://localhost:4321/' failed: Error in connection establishment: net::ERR_CONNECTION_REFUSED @ http://localhost:4321/@vite/client:1766
[11367238ms] [ERROR] WebSocket connection to 'ws://localhost:4321/' failed: Error in connection establishment: net::ERR_CONNECTION_REFUSED @ http://localhost:4321/@vite/client:1766
[11374006ms] [ERROR] WebSocket connection to 'ws://localhost:4321/' failed: Error in connection establishment: net::ERR_CONNECTION_REFUSED @ http://localhost:4321/@vite/client:1766
[11378818ms] [ERROR] WebSocket connection to 'ws://localhost:4321/' failed: Error in connection establishment: net::ERR_CONNECTION_REFUSED @ http://localhost:4321/@vite/client:1766
[11386719ms] [ERROR] WebSocket connection to 'ws://localhost:4321/' failed: Error in connection establishment: net::ERR_CONNECTION_REFUSED @ http://localhost:4321/@vite/client:1766
[11393600ms] [ERROR] WebSocket connection to 'ws://localhost:4321/' failed: Error in connection establishment: net::ERR_CONNECTION_REFUSED @ http://localhost:4321/@vite/client:1766
[11400933ms] [ERROR] WebSocket connection to 'ws://localhost:4321/' failed: Error in connection establishment: net::ERR_CONNECTION_REFUSED @ http://localhost:4321/@vite/client:1766
[11405864ms] [ERROR] WebSocket connection to 'ws://localhost:4321/' failed: Error in connection establishment: net::ERR_CONNECTION_REFUSED @ http://localhost:4321/@vite/client:1766
[11411094ms] [ERROR] WebSocket connection to 'ws://localhost:4321/' failed: Error in connection establishment: net::ERR_CONNECTION_REFUSED @ http://localhost:4321/@vite/client:1766
[11419327ms] [ERROR] WebSocket connection to 'ws://localhost:4321/' failed: Error in connection establishment: net::ERR_CONNECTION_REFUSED @ http://localhost:4321/@vite/client:1766
[11422674ms] [ERROR] WebSocket connection to 'ws://localhost:4321/' failed: Error in connection establishment: net::ERR_CONNECTION_REFUSED @ http://localhost:4321/@vite/client:1766
[11426027ms] [ERROR] WebSocket connection to 'ws://localhost:4321/' failed: Error in connection establishment: net::ERR_CONNECTION_REFUSED @ http://localhost:4321/@vite/client:1766
[11429373ms] [ERROR] WebSocket connection to 'ws://localhost:4321/' failed: Error in connection establishment: net::ERR_CONNECTION_REFUSED @ http://localhost:4321/@vite/client:1766
[11432709ms] [ERROR] WebSocket connection to 'ws://localhost:4321/' failed: Error in connection establishment: net::ERR_CONNECTION_REFUSED @ http://localhost:4321/@vite/client:1766
[11436042ms] [ERROR] WebSocket connection to 'ws://localhost:4321/' failed: Error in connection establishment: net::ERR_CONNECTION_REFUSED @ http://localhost:4321/@vite/client:1766
[11439406ms] [ERROR] WebSocket connection to 'ws://localhost:4321/' failed: Error in connection establishment: net::ERR_CONNECTION_REFUSED @ http://localhost:4321/@vite/client:1766
[11442738ms] [ERROR] WebSocket connection to 'ws://localhost:4321/' failed: Error in connection establishment: net::ERR_CONNECTION_REFUSED @ http://localhost:4321/@vite/client:1766
[11446087ms] [ERROR] WebSocket connection to 'ws://localhost:4321/' failed: Error in connection establishment: net::ERR_CONNECTION_REFUSED @ http://localhost:4321/@vite/client:1766
[11449452ms] [ERROR] WebSocket connection to 'ws://localhost:4321/' failed: Error in connection establishment: net::ERR_CONNECTION_REFUSED @ http://localhost:4321/@vite/client:1766
[11452803ms] [ERROR] WebSocket connection to 'ws://localhost:4321/' failed: Error in connection establishment: net::ERR_CONNECTION_REFUSED @ http://localhost:4321/@vite/client:1766
[11456202ms] [ERROR] WebSocket connection to 'ws://localhost:4321/' failed: Error in connection establishment: net::ERR_CONNECTION_REFUSED @ http://localhost:4321/@vite/client:1766
[11459651ms] [ERROR] WebSocket connection to 'ws://localhost:4321/' failed: Error in connection establishment: net::ERR_CONNECTION_REFUSED @ http://localhost:4321/@vite/client:1766
[11463282ms] [ERROR] WebSocket connection to 'ws://localhost:4321/' failed: Error in connection establishment: net::ERR_CONNECTION_REFUSED @ http://localhost:4321/@vite/client:1766
[11467179ms] [ERROR] WebSocket connection to 'ws://localhost:4321/' failed: Error in connection establishment: net::ERR_CONNECTION_REFUSED @ http://localhost:4321/@vite/client:1766
[11471464ms] [ERROR] WebSocket connection to 'ws://localhost:4321/' failed: Error in connection establishment: net::ERR_CONNECTION_REFUSED @ http://localhost:4321/@vite/client:1766
[11477047ms] [ERROR] WebSocket connection to 'ws://localhost:4321/' failed: Error in connection establishment: net::ERR_CONNECTION_REFUSED @ http://localhost:4321/@vite/client:1766
[11483312ms] [ERROR] WebSocket connection to 'ws://localhost:4321/' failed: Error in connection establishment: net::ERR_CONNECTION_REFUSED @ http://localhost:4321/@vite/client:1766
[11489594ms] [ERROR] WebSocket connection to 'ws://localhost:4321/' failed: Error in connection establishment: net::ERR_CONNECTION_REFUSED @ http://localhost:4321/@vite/client:1766
[11494725ms] [ERROR] WebSocket connection to 'ws://localhost:4321/' failed: Error in connection establishment: net::ERR_CONNECTION_REFUSED @ http://localhost:4321/@vite/client:1766
[11500725ms] [ERROR] WebSocket connection to 'ws://localhost:4321/' failed: Error in connection establishment: net::ERR_CONNECTION_REFUSED @ http://localhost:4321/@vite/client:1766
[11507672ms] [ERROR] WebSocket connection to 'ws://localhost:4321/' failed: Error in connection establishment: net::ERR_CONNECTION_REFUSED @ http://localhost:4321/@vite/client:1766
[11514355ms] [ERROR] WebSocket connection to 'ws://localhost:4321/' failed: Error in connection establishment: net::ERR_CONNECTION_REFUSED @ http://localhost:4321/@vite/client:1766
[11522201ms] [ERROR] WebSocket connection to 'ws://localhost:4321/' failed: Error in connection establishment: net::ERR_CONNECTION_REFUSED @ http://localhost:4321/@vite/client:1766
[11530284ms] [ERROR] WebSocket connection to 'ws://localhost:4321/' failed: Error in connection establishment: net::ERR_CONNECTION_REFUSED @ http://localhost:4321/@vite/client:1766
[11537015ms] [ERROR] WebSocket connection to 'ws://localhost:4321/' failed: Error in connection establishment: net::ERR_CONNECTION_REFUSED @ http://localhost:4321/@vite/client:1766
[11542248ms] [ERROR] WebSocket connection to 'ws://localhost:4321/' failed: Error in connection establishment: net::ERR_CONNECTION_REFUSED @ http://localhost:4321/@vite/client:1766
[11550563ms] [ERROR] WebSocket connection to 'ws://localhost:4321/' failed: Error in connection establishment: net::ERR_CONNECTION_REFUSED @ http://localhost:4321/@vite/client:1766
[11558010ms] [ERROR] WebSocket connection to 'ws://localhost:4321/' failed: Error in connection establishment: net::ERR_CONNECTION_REFUSED @ http://localhost:4321/@vite/client:1766
[22456810ms] [ERROR] WebSocket connection to 'ws://localhost:4321/' failed: Error in connection establishment: net::ERR_NETWORK_IO_SUSPENDED @ http://localhost:4321/@vite/client:1766
[22460157ms] [ERROR] WebSocket connection to 'ws://localhost:4321/' failed: Error in connection establishment: net::ERR_CONNECTION_REFUSED @ http://localhost:4321/@vite/client:1766
[22463498ms] [ERROR] WebSocket connection to 'ws://localhost:4321/' failed: Error in connection establishment: net::ERR_CONNECTION_REFUSED @ http://localhost:4321/@vite/client:1766
[22466857ms] [ERROR] WebSocket connection to 'ws://localhost:4321/' failed: Error in connection establishment: net::ERR_CONNECTION_REFUSED @ http://localhost:4321/@vite/client:1766
[22470200ms] [ERROR] WebSocket connection to 'ws://localhost:4321/' failed: Error in connection establishment: net::ERR_CONNECTION_REFUSED @ http://localhost:4321/@vite/client:1766
[22473543ms] [ERROR] WebSocket connection to 'ws://localhost:4321/' failed: Error in connection establishment: net::ERR_CONNECTION_REFUSED @ http://localhost:4321/@vite/client:1766
[22476893ms] [ERROR] WebSocket connection to 'ws://localhost:4321/' failed: Error in connection establishment: net::ERR_CONNECTION_REFUSED @ http://localhost:4321/@vite/client:1766
[22480302ms] [ERROR] WebSocket connection to 'ws://localhost:4321/' failed: Error in connection establishment: net::ERR_CONNECTION_REFUSED @ http://localhost:4321/@vite/client:1766
[22483784ms] [ERROR] WebSocket connection to 'ws://localhost:4321/' failed: Error in connection establishment: net::ERR_CONNECTION_REFUSED @ http://localhost:4321/@vite/client:1766
[22487284ms] [ERROR] WebSocket connection to 'ws://localhost:4321/' failed: Error in connection establishment: net::ERR_CONNECTION_REFUSED @ http://localhost:4321/@vite/client:1766
[22491100ms] [ERROR] WebSocket connection to 'ws://localhost:4321/' failed: Error in connection establishment: net::ERR_CONNECTION_REFUSED @ http://localhost:4321/@vite/client:1766
[22495432ms] [ERROR] WebSocket connection to 'ws://localhost:4321/' failed: Error in connection establishment: net::ERR_CONNECTION_REFUSED @ http://localhost:4321/@vite/client:1766
[22501206ms] [ERROR] WebSocket connection to 'ws://localhost:4321/' failed: Error in connection establishment: net::ERR_CONNECTION_REFUSED @ http://localhost:4321/@vite/client:1766
[22506680ms] [ERROR] WebSocket connection to 'ws://localhost:4321/' failed: Error in connection establishment: net::ERR_CONNECTION_REFUSED @ http://localhost:4321/@vite/client:1766
[22512719ms] [ERROR] WebSocket connection to 'ws://localhost:4321/' failed: Error in connection establishment: net::ERR_CONNECTION_REFUSED @ http://localhost:4321/@vite/client:1766
[22519911ms] [ERROR] WebSocket connection to 'ws://localhost:4321/' failed: Error in connection establishment: net::ERR_CONNECTION_REFUSED @ http://localhost:4321/@vite/client:1766
[22525926ms] [ERROR] WebSocket connection to 'ws://localhost:4321/' failed: Error in connection establishment: net::ERR_CONNECTION_REFUSED @ http://localhost:4321/@vite/client:1766
[22530827ms] [ERROR] WebSocket connection to 'ws://localhost:4321/' failed: Error in connection establishment: net::ERR_CONNECTION_REFUSED @ http://localhost:4321/@vite/client:1766
[22535706ms] [ERROR] WebSocket connection to 'ws://localhost:4321/' failed: Error in connection establishment: net::ERR_CONNECTION_REFUSED @ http://localhost:4321/@vite/client:1766
[22542904ms] [ERROR] WebSocket connection to 'ws://localhost:4321/' failed: Error in connection establishment: net::ERR_CONNECTION_REFUSED @ http://localhost:4321/@vite/client:1766
[22547394ms] [ERROR] WebSocket connection to 'ws://localhost:4321/' failed: Error in connection establishment: net::ERR_CONNECTION_REFUSED @ http://localhost:4321/@vite/client:1766
[22553323ms] [ERROR] WebSocket connection to 'ws://localhost:4321/' failed: Error in connection establishment: net::ERR_CONNECTION_REFUSED @ http://localhost:4321/@vite/client:1766
[22560040ms] [ERROR] WebSocket connection to 'ws://localhost:4321/' failed: Error in connection establishment: net::ERR_CONNECTION_REFUSED @ http://localhost:4321/@vite/client:1766
[22567833ms] [ERROR] WebSocket connection to 'ws://localhost:4321/' failed: Error in connection establishment: net::ERR_CONNECTION_REFUSED @ http://localhost:4321/@vite/client:1766
[22572763ms] [ERROR] WebSocket connection to 'ws://localhost:4321/' failed: Error in connection establishment: net::ERR_CONNECTION_REFUSED @ http://localhost:4321/@vite/client:1766
[22580532ms] [ERROR] WebSocket connection to 'ws://localhost:4321/' failed: Error in connection establishment: net::ERR_CONNECTION_REFUSED @ http://localhost:4321/@vite/client:1766
[22587752ms] [ERROR] WebSocket connection to 'ws://localhost:4321/' failed: Error in connection establishment: net::ERR_CONNECTION_REFUSED @ http://localhost:4321/@vite/client:1766
[22595530ms] [ERROR] WebSocket connection to 'ws://localhost:4321/' failed: Error in connection establishment: net::ERR_CONNECTION_REFUSED @ http://localhost:4321/@vite/client:1766
[22601199ms] [ERROR] WebSocket connection to 'ws://localhost:4321/' failed: Error in connection establishment: net::ERR_CONNECTION_REFUSED @ http://localhost:4321/@vite/client:1766
[22605950ms] [ERROR] WebSocket connection to 'ws://localhost:4321/' failed: Error in connection establishment: net::ERR_CONNECTION_REFUSED @ http://localhost:4321/@vite/client:1766
[22612351ms] [ERROR] WebSocket connection to 'ws://localhost:4321/' failed: Error in connection establishment: net::ERR_CONNECTION_REFUSED @ http://localhost:4321/@vite/client:1766
[22618189ms] [ERROR] WebSocket connection to 'ws://localhost:4321/' failed: Error in connection establishment: net::ERR_CONNECTION_REFUSED @ http://localhost:4321/@vite/client:1766
[22623009ms] [ERROR] WebSocket connection to 'ws://localhost:4321/' failed: Error in connection establishment: net::ERR_CONNECTION_REFUSED @ http://localhost:4321/@vite/client:1766
[22630550ms] [ERROR] WebSocket connection to 'ws://localhost:4321/' failed: Error in connection establishment: net::ERR_CONNECTION_REFUSED @ http://localhost:4321/@vite/client:1766
[22637440ms] [ERROR] WebSocket connection to 'ws://localhost:4321/' failed: Error in connection establishment: net::ERR_CONNECTION_REFUSED @ http://localhost:4321/@vite/client:1766
[22642539ms] [ERROR] WebSocket connection to 'ws://localhost:4321/' failed: Error in connection establishment: net::ERR_CONNECTION_REFUSED @ http://localhost:4321/@vite/client:1766
[22650532ms] [ERROR] WebSocket connection to 'ws://localhost:4321/' failed: Error in connection establishment: net::ERR_CONNECTION_REFUSED @ http://localhost:4321/@vite/client:1766
[22657105ms] [ERROR] WebSocket connection to 'ws://localhost:4321/' failed: Error in connection establishment: net::ERR_CONNECTION_REFUSED @ http://localhost:4321/@vite/client:1766
[22665113ms] [ERROR] WebSocket connection to 'ws://localhost:4321/' failed: Error in connection establishment: net::ERR_CONNECTION_REFUSED @ http://localhost:4321/@vite/client:1766
[22669717ms] [ERROR] WebSocket connection to 'ws://localhost:4321/' failed: Error in connection establishment: net::ERR_CONNECTION_REFUSED @ http://localhost:4321/@vite/client:1766
[22676723ms] [ERROR] WebSocket connection to 'ws://localhost:4321/' failed: Error in connection establishment: net::ERR_CONNECTION_REFUSED @ http://localhost:4321/@vite/client:1766
[22684202ms] [ERROR] WebSocket connection to 'ws://localhost:4321/' failed: Error in connection establishment: net::ERR_CONNECTION_REFUSED @ http://localhost:4321/@vite/client:1766
[22689178ms] [ERROR] WebSocket connection to 'ws://localhost:4321/' failed: Error in connection establishment: net::ERR_CONNECTION_REFUSED @ http://localhost:4321/@vite/client:1766
[22694429ms] [ERROR] WebSocket connection to 'ws://localhost:4321/' failed: Error in connection establishment: net::ERR_CONNECTION_REFUSED @ http://localhost:4321/@vite/client:1766
[22699582ms] [ERROR] WebSocket connection to 'ws://localhost:4321/' failed: Error in connection establishment: net::ERR_CONNECTION_REFUSED @ http://localhost:4321/@vite/client:1766
[22705740ms] [ERROR] WebSocket connection to 'ws://localhost:4321/' failed: Error in connection establishment: net::ERR_CONNECTION_REFUSED @ http://localhost:4321/@vite/client:1766
[22713564ms] [ERROR] WebSocket connection to 'ws://localhost:4321/' failed: Error in connection establishment: net::ERR_CONNECTION_REFUSED @ http://localhost:4321/@vite/client:1766
[22721785ms] [ERROR] WebSocket connection to 'ws://localhost:4321/' failed: Error in connection establishment: net::ERR_CONNECTION_REFUSED @ http://localhost:4321/@vite/client:1766
[22727544ms] [ERROR] WebSocket connection to 'ws://localhost:4321/' failed: Error in connection establishment: net::ERR_CONNECTION_REFUSED @ http://localhost:4321/@vite/client:1766
[22735844ms] [ERROR] WebSocket connection to 'ws://localhost:4321/' failed: Error in connection establishment: net::ERR_CONNECTION_REFUSED @ http://localhost:4321/@vite/client:1766
[22743514ms] [ERROR] WebSocket connection to 'ws://localhost:4321/' failed: Error in connection establishment: net::ERR_CONNECTION_REFUSED @ http://localhost:4321/@vite/client:1766
[22751798ms] [ERROR] WebSocket connection to 'ws://localhost:4321/' failed: Error in connection establishment: net::ERR_CONNECTION_REFUSED @ http://localhost:4321/@vite/client:1766
[22757477ms] [ERROR] WebSocket connection to 'ws://localhost:4321/' failed: Error in connection establishment: net::ERR_CONNECTION_REFUSED @ http://localhost:4321/@vite/client:1766
[22765442ms] [ERROR] WebSocket connection to 'ws://localhost:4321/' failed: Error in connection establishment: net::ERR_CONNECTION_REFUSED @ http://localhost:4321/@vite/client:1766
[22772578ms] [ERROR] WebSocket connection to 'ws://localhost:4321/' failed: Error in connection establishment: net::ERR_CONNECTION_REFUSED @ http://localhost:4321/@vite/client:1766
[22779949ms] [ERROR] WebSocket connection to 'ws://localhost:4321/' failed: Error in connection establishment: net::ERR_CONNECTION_REFUSED @ http://localhost:4321/@vite/client:1766
[22785632ms] [ERROR] WebSocket connection to 'ws://localhost:4321/' failed: Error in connection establishment: net::ERR_CONNECTION_REFUSED @ http://localhost:4321/@vite/client:1766
[22793602ms] [ERROR] WebSocket connection to 'ws://localhost:4321/' failed: Error in connection establishment: net::ERR_CONNECTION_REFUSED @ http://localhost:4321/@vite/client:1766
[22798956ms] [ERROR] WebSocket connection to 'ws://localhost:4321/' failed: Error in connection establishment: net::ERR_CONNECTION_REFUSED @ http://localhost:4321/@vite/client:1766
[22803667ms] [ERROR] WebSocket connection to 'ws://localhost:4321/' failed: Error in connection establishment: net::ERR_CONNECTION_REFUSED @ http://localhost:4321/@vite/client:1766
[22810546ms] [ERROR] WebSocket connection to 'ws://localhost:4321/' failed: Error in connection establishment: net::ERR_CONNECTION_REFUSED @ http://localhost:4321/@vite/client:1766
[22815806ms] [ERROR] WebSocket connection to 'ws://localhost:4321/' failed: Error in connection establishment: net::ERR_CONNECTION_REFUSED @ http://localhost:4321/@vite/client:1766
[22819157ms] [ERROR] WebSocket connection to 'ws://localhost:4321/' failed: Error in connection establishment: net::ERR_CONNECTION_REFUSED @ http://localhost:4321/@vite/client:1766
[22822495ms] [ERROR] WebSocket connection to 'ws://localhost:4321/' failed: Error in connection establishment: net::ERR_CONNECTION_REFUSED @ http://localhost:4321/@vite/client:1766
[22825847ms] [ERROR] WebSocket connection to 'ws://localhost:4321/' failed: Error in connection establishment: net::ERR_CONNECTION_REFUSED @ http://localhost:4321/@vite/client:1766
[22827233ms] [ERROR] WebSocket connection to 'ws://localhost:4321/' failed: Error in connection establishment: net::ERR_NETWORK_IO_SUSPENDED @ http://localhost:4321/@vite/client:1766
[77382044ms] [ERROR] WebSocket connection to 'ws://localhost:4321/' failed: Error in connection establishment: net::ERR_CONNECTION_REFUSED @ http://localhost:4321/@vite/client:1766
[77385390ms] [ERROR] WebSocket connection to 'ws://localhost:4321/' failed: Error in connection establishment: net::ERR_CONNECTION_REFUSED @ http://localhost:4321/@vite/client:1766
[77388747ms] [ERROR] WebSocket connection to 'ws://localhost:4321/' failed: Error in connection establishment: net::ERR_CONNECTION_REFUSED @ http://localhost:4321/@vite/client:1766
[77392088ms] [ERROR] WebSocket connection to 'ws://localhost:4321/' failed: Error in connection establishment: net::ERR_CONNECTION_REFUSED @ http://localhost:4321/@vite/client:1766
[77395428ms] [ERROR] WebSocket connection to 'ws://localhost:4321/' failed: Error in connection establishment: net::ERR_CONNECTION_REFUSED @ http://localhost:4321/@vite/client:1766
[77398787ms] [ERROR] WebSocket connection to 'ws://localhost:4321/' failed: Error in connection establishment: net::ERR_CONNECTION_REFUSED @ http://localhost:4321/@vite/client:1766
[77402144ms] [ERROR] WebSocket connection to 'ws://localhost:4321/' failed: Error in connection establishment: net::ERR_CONNECTION_REFUSED @ http://localhost:4321/@vite/client:1766
[77405477ms] [ERROR] WebSocket connection to 'ws://localhost:4321/' failed: Error in connection establishment: net::ERR_CONNECTION_REFUSED @ http://localhost:4321/@vite/client:1766
[77408839ms] [ERROR] WebSocket connection to 'ws://localhost:4321/' failed: Error in connection establishment: net::ERR_CONNECTION_REFUSED @ http://localhost:4321/@vite/client:1766
[77412209ms] [ERROR] WebSocket connection to 'ws://localhost:4321/' failed: Error in connection establishment: net::ERR_CONNECTION_REFUSED @ http://localhost:4321/@vite/client:1766
[77415599ms] [ERROR] WebSocket connection to 'ws://localhost:4321/' failed: Error in connection establishment: net::ERR_CONNECTION_REFUSED @ http://localhost:4321/@vite/client:1766
[77419002ms] [ERROR] WebSocket connection to 'ws://localhost:4321/' failed: Error in connection establishment: net::ERR_CONNECTION_REFUSED @ http://localhost:4321/@vite/client:1766
[77422451ms] [ERROR] WebSocket connection to 'ws://localhost:4321/' failed: Error in connection establishment: net::ERR_CONNECTION_REFUSED @ http://localhost:4321/@vite/client:1766
[77426290ms] [ERROR] WebSocket connection to 'ws://localhost:4321/' failed: Error in connection establishment: net::ERR_CONNECTION_REFUSED @ http://localhost:4321/@vite/client:1766
[77430109ms] [ERROR] WebSocket connection to 'ws://localhost:4321/' failed: Error in connection establishment: net::ERR_CONNECTION_REFUSED @ http://localhost:4321/@vite/client:1766
[77435208ms] [ERROR] WebSocket connection to 'ws://localhost:4321/' failed: Error in connection establishment: net::ERR_CONNECTION_REFUSED @ http://localhost:4321/@vite/client:1766
[77441943ms] [ERROR] WebSocket connection to 'ws://localhost:4321/' failed: Error in connection establishment: net::ERR_CONNECTION_REFUSED @ http://localhost:4321/@vite/client:1766
[77448858ms] [ERROR] WebSocket connection to 'ws://localhost:4321/' failed: Error in connection establishment: net::ERR_CONNECTION_REFUSED @ http://localhost:4321/@vite/client:1766
[77453524ms] [ERROR] WebSocket connection to 'ws://localhost:4321/' failed: Error in connection establishment: net::ERR_CONNECTION_REFUSED @ http://localhost:4321/@vite/client:1766
[77460372ms] [ERROR] WebSocket connection to 'ws://localhost:4321/' failed: Error in connection establishment: net::ERR_CONNECTION_REFUSED @ http://localhost:4321/@vite/client:1766
[77468336ms] [ERROR] WebSocket connection to 'ws://localhost:4321/' failed: Error in connection establishment: net::ERR_CONNECTION_REFUSED @ http://localhost:4321/@vite/client:1766
[77476082ms] [ERROR] WebSocket connection to 'ws://localhost:4321/' failed: Error in connection establishment: net::ERR_CONNECTION_REFUSED @ http://localhost:4321/@vite/client:1766
[77483367ms] [ERROR] WebSocket connection to 'ws://localhost:4321/' failed: Error in connection establishment: net::ERR_CONNECTION_REFUSED @ http://localhost:4321/@vite/client:1766
[77490693ms] [ERROR] WebSocket connection to 'ws://localhost:4321/' failed: Error in connection establishment: net::ERR_CONNECTION_REFUSED @ http://localhost:4321/@vite/client:1766
[77497413ms] [ERROR] WebSocket connection to 'ws://localhost:4321/' failed: Error in connection establishment: net::ERR_CONNECTION_REFUSED @ http://localhost:4321/@vite/client:1766
[77505538ms] [ERROR] WebSocket connection to 'ws://localhost:4321/' failed: Error in connection establishment: net::ERR_CONNECTION_REFUSED @ http://localhost:4321/@vite/client:1766
[77544727ms] [INFO] %cDownload the React DevTools for a better development experience: https://react.dev/link/react-devtools font-weight:bold @ http://localhost:4321/node_modules/.vite/deps/@astrojs_react_client__js.js?v=d3aa3b96:20103
[78379493ms] [INFO] %cDownload the React DevTools for a better development experience: https://react.dev/link/react-devtools font-weight:bold @ http://localhost:4321/node_modules/.vite/deps/@astrojs_react_client__js.js?v=d3aa3b96:20103
[79886675ms] [INFO] %cDownload the React DevTools for a better development experience: https://react.dev/link/react-devtools font-weight:bold @ http://localhost:4321/node_modules/.vite/deps/@astrojs_react_client__js.js?v=d3aa3b96:20103
[79930649ms] [INFO] %cDownload the React DevTools for a better development experience: https://react.dev/link/react-devtools font-weight:bold @ http://localhost:4321/node_modules/.vite/deps/@astrojs_react_client__js.js?v=d3aa3b96:20103
[79983409ms] [INFO] %cDownload the React DevTools for a better development experience: https://react.dev/link/react-devtools font-weight:bold @ http://localhost:4321/node_modules/.vite/deps/@astrojs_react_client__js.js?v=d3aa3b96:20103
[80002688ms] [INFO] %cDownload the React DevTools for a better development experience: https://react.dev/link/react-devtools font-weight:bold @ http://localhost:4321/node_modules/.vite/deps/@astrojs_react_client__js.js?v=d3aa3b96:20103
[80029123ms] [INFO] %cDownload the React DevTools for a better development experience: https://react.dev/link/react-devtools font-weight:bold @ http://localhost:4321/node_modules/.vite/deps/@astrojs_react_client__js.js?v=d3aa3b96:20103
[80055049ms] [INFO] %cDownload the React DevTools for a better development experience: https://react.dev/link/react-devtools font-weight:bold @ http://localhost:4321/node_modules/.vite/deps/@astrojs_react_client__js.js?v=d3aa3b96:20103
[80081178ms] [INFO] %cDownload the React DevTools for a better development experience: https://react.dev/link/react-devtools font-weight:bold @ http://localhost:4321/node_modules/.vite/deps/@astrojs_react_client__js.js?v=d3aa3b96:20103
[80107294ms] [INFO] %cDownload the React DevTools for a better development experience: https://react.dev/link/react-devtools font-weight:bold @ http://localhost:4321/node_modules/.vite/deps/@astrojs_react_client__js.js?v=d3aa3b96:20103
[80149044ms] [INFO] %cDownload the React DevTools for a better development experience: https://react.dev/link/react-devtools font-weight:bold @ http://localhost:4321/node_modules/.vite/deps/@astrojs_react_client__js.js?v=d3aa3b96:20103
[80187324ms] [INFO] %cDownload the React DevTools for a better development experience: https://react.dev/link/react-devtools font-weight:bold @ http://localhost:4321/node_modules/.vite/deps/@astrojs_react_client__js.js?v=d3aa3b96:20103
[80344917ms] [INFO] %cDownload the React DevTools for a better development experience: https://react.dev/link/react-devtools font-weight:bold @ http://localhost:4321/node_modules/.vite/deps/@astrojs_react_client__js.js?v=d3aa3b96:20103
[80828010ms] [INFO] %cDownload the React DevTools for a better development experience: https://react.dev/link/react-devtools font-weight:bold @ http://localhost:4321/node_modules/.vite/deps/@astrojs_react_client__js.js?v=d3aa3b96:20103
[80846765ms] [INFO] %cDownload the React DevTools for a better development experience: https://react.dev/link/react-devtools font-weight:bold @ http://localhost:4321/node_modules/.vite/deps/@astrojs_react_client__js.js?v=d3aa3b96:20103
[80916651ms] [INFO] %cDownload the React DevTools for a better development experience: https://react.dev/link/react-devtools font-weight:bold @ http://localhost:4321/node_modules/.vite/deps/@astrojs_react_client__js.js?v=d3aa3b96:20103
[81399836ms] [INFO] %cDownload the React DevTools for a better development experience: https://react.dev/link/react-devtools font-weight:bold @ http://localhost:4321/node_modules/.vite/deps/@astrojs_react_client__js.js?v=d3aa3b96:20103
[81421572ms] [INFO] %cDownload the React DevTools for a better development experience: https://react.dev/link/react-devtools font-weight:bold @ http://localhost:4321/node_modules/.vite/deps/@astrojs_react_client__js.js?v=d3aa3b96:20103
[81502723ms] [INFO] %cDownload the React DevTools for a better development experience: https://react.dev/link/react-devtools font-weight:bold @ http://localhost:4321/node_modules/.vite/deps/@astrojs_react_client__js.js?v=d3aa3b96:20103
[81767301ms] [INFO] %cDownload the React DevTools for a better development experience: https://react.dev/link/react-devtools font-weight:bold @ http://localhost:4321/node_modules/.vite/deps/@astrojs_react_client__js.js?v=d3aa3b96:20103
[82115796ms] [INFO] %cDownload the React DevTools for a better development experience: https://react.dev/link/react-devtools font-weight:bold @ http://localhost:4321/node_modules/.vite/deps/@astrojs_react_client__js.js?v=d3aa3b96:20103
[82193828ms] [INFO] %cDownload the React DevTools for a better development experience: https://react.dev/link/react-devtools font-weight:bold @ http://localhost:4321/node_modules/.vite/deps/@astrojs_react_client__js.js?v=d3aa3b96:20103
[82338175ms] [INFO] %cDownload the React DevTools for a better development experience: https://react.dev/link/react-devtools font-weight:bold @ http://localhost:4321/node_modules/.vite/deps/@astrojs_react_client__js.js?v=d3aa3b96:20103
[83028598ms] [INFO] %cDownload the React DevTools for a better development experience: https://react.dev/link/react-devtools font-weight:bold @ http://localhost:4321/node_modules/.vite/deps/@astrojs_react_client__js.js?v=d3aa3b96:20103
